"","X.2","X.1","X","run_id","timestamp_new","longitude","latitude","pm_ch1_perL","pm_ch2_perL","pm_ch3_perL","pm_ch4_perL","pm_ch5_perL","pm_ch6_perL","point_geojson","line_geojson","no_ppb_8sMedian","no2_ppb_8sMedian","o3_ppb_8sMedian","o3_ppb_32sMedian","co_ppm__8sMedian","co2_ppm_8sMedian","pm25_8sMedian","pnc_ch1_w8_rolling_median","pnc_ch2_w8_rolling_median","pnc_ch3_w8_rolling_median","pnc_ch4_w8_rolling_median","pnc_ch5_w8_rolling_median","pnc_ch6_w8_rolling_median","datetime_y","datetime_m","datetime_d","datetime_h","datetime_min","datetime_sec","datetime_wd","date_m","wday","NO2_8s","O3_8s","CO_8s","Date"
"373345",373345,373345,529584,"20220429_102425_L15670","2022-04-29 10:17:34",-6.2716349445722,53.3441480218432,92760,3660,1140,780,180,420,"[-6.2716349445722,53.3441480218432]","[-6.27160029122512,53.3441717543327],[-6.27160619250011,53.3441676943832],[-6.27162070715487,53.3441575315882],[-6.27163263651509,53.3441495575693],[-6.27163482858945,53.3441480891266],[-6.27163495616836,53.3441480136161],[-6.2716349445722,53.3441480218432],[-6.2716349445722,53.3441480218432]",8.1585,33.368,1.4,1.4,0.2585,414.8345,16.7711849043426,96510,3660,1410,660,330,330,2022,4,29,10,17,34,"Fri","Apr","Fri",79.41943125,2.79398,0.2962927,"2022-04-29"
"373346",373346,373346,529585,"20220429_102425_L15670","2022-04-29 10:17:42",-6.2716349445722,53.3441480218432,96960,3060,1080,1020,360,300,"[-6.2716349445722,53.3441480218432]","[-6.2716349445722,53.3441480218432],[-6.2716349445722,53.3441480218432],[-6.2716349445722,53.3441480218432],[-6.2716349445722,53.3441480218432],[-6.2716349445722,53.3441480218432],[-6.2716349445722,53.3441480218432],[-6.2716349445722,53.3441480218432],[-6.2716349445722,53.3441480218432]",4.8,17.937,20.051,1.4,0.2515,414.829,16.793881981378,97200,3270,1050,750,330,240,2022,4,29,10,17,42,"Fri","Apr","Fri",43.4845125,40.0157807,0.2882693,"2022-04-29"
"373347",373347,373347,529587,"20220429_102425_L15670","2022-04-29 10:17:58",-6.2716349445722,53.3441480218432,95580,4320,1680,540,300,360,"[-6.2716349445722,53.3441480218432]","[-6.2716349445722,53.3441480218432],[-6.2716349445722,53.3441480218432],[-6.2716349445722,53.3441480218432],[-6.2716349445722,53.3441480218432],[-6.2716349445722,53.3441480218432],[-6.2716349445722,53.3441480218432],[-6.2716349445722,53.3441480218432],[-6.2716349445722,53.3441480218432]",4.8,2.6,41.8535,24.39,0.2565,414.8455,15.9977499391197,97080,3750,1200,540,330,240,2022,4,29,10,17,58,"Fri","Apr","Fri",14.1525,83.52702995,0.2940003,"2022-04-29"
"373348",373348,373348,529588,"20220429_102425_L15670","2022-04-29 10:18:06",-6.27163496373799,53.3441480088668,96840,2880,1320,900,600,420,"[-6.27163496373799,53.3441480088668]","[-6.2716349445722,53.3441480218432],[-6.27163494550841,53.3441480217154],[-6.2716349489447,53.344148018486],[-6.2716349489447,53.344148018486],[-6.2716349489447,53.344148018486],[-6.2716349489447,53.344148018486],[-6.27163494992407,53.3441480185158],[-6.27163496373799,53.3441480088668]",4.8,2.6,42.744,36.292,0.25,414.8475,15.6295693525732,96420,3570,1260,630,360,270,2022,4,29,10,18,6,"Fri","Apr","Fri",14.1525,85.3042008,0.28655,"2022-04-29"
"373349",373349,373349,529589,"20220429_102425_L15670","2022-04-29 10:18:14",-6.27163496373799,53.3441480088668,87720,3240,840,720,360,300,"[-6.27163496373799,53.3441480088668]","[-6.27163496373799,53.3441480088668],[-6.27163496373799,53.3441480088668],[-6.27163496373799,53.3441480088668],[-6.27163496373799,53.3441480088668],[-6.27163496373799,53.3441480088668],[-6.27163496373799,53.3441480088668],[-6.27163496373799,53.3441480088668],[-6.27163496373799,53.3441480088668]",4.8,2.6,43.188,42.521,0.244,417.599,16.5919624562057,94830,3180,1170,630,450,330,2022,4,29,10,18,14,"Fri","Apr","Fri",14.1525,86.1902916,0.2796728,"2022-04-29"
"373350",373350,373350,529590,"20220429_102425_L15670","2022-04-29 10:18:22",-6.27163496373799,53.3441480088668,95280,3540,900,660,420,180,"[-6.27163496373799,53.3441480088668]","[-6.27163496373799,53.3441480088668],[-6.27163496373799,53.3441480088668],[-6.27163496373799,53.3441480088668],[-6.27163496373799,53.3441480088668],[-6.27163496373799,53.3441480088668],[-6.27163496373799,53.3441480088668],[-6.27163496373799,53.3441480088668],[-6.27163496373799,53.3441480088668]",4.8,2.6,43.522,43.077,0.2515,421.9525,16.1522479437449,93840,3480,1230,660,420,240,2022,4,29,10,18,22,"Fri","Apr","Fri",14.1525,86.8568554,0.2882693,"2022-04-29"
"373351",373351,373351,529591,"20220429_102425_L15670","2022-04-29 10:18:30",-6.27163496373799,53.3441480088668,93900,4020,1140,660,720,240,"[-6.27163496373799,53.3441480088668]","[-6.27163496373799,53.3441480088668],[-6.27163496373799,53.3441480088668],[-6.27163496373799,53.3441480088668],[-6.27163496373799,53.3441480088668],[-6.27163496373799,53.3441480088668],[-6.27163496373799,53.3441480088668],[-6.27163496373799,53.3441480088668],[-6.27163496373799,53.3441480088668]",28.077,2.6,40.519,42.966,0.255,421.4205,17.4020411826821,95370,3510,1290,450,510,300,2022,4,29,10,18,30,"Fri","Apr","Fri",58.6697625,80.8637683,0.292281,"2022-04-29"
"373352",373352,373352,529595,"20220429_102425_L15670","2022-04-29 10:19:02",-6.27163496373799,53.3441480088668,97680,3900,900,600,480,360,"[-6.27163496373799,53.3441480088668]","[-6.27163496373799,53.3441480088668],[-6.27163496373799,53.3441480088668],[-6.27163496373799,53.3441480088668],[-6.27163496373799,53.3441480088668],[-6.27163496373799,53.3441480088668],[-6.27163496373799,53.3441480088668],[-6.27163496373799,53.3441480088668],[-6.27163496373799,53.3441480088668]",11.141,2.6,31.509,32.732,0.283,421.401,18.6466201304253,96660,3900,1140,600,390,420,2022,4,29,10,19,2,"Fri","Apr","Fri",26.2796625,62.8825113,0.3243746,"2022-04-29"
"373353",373353,373353,529596,"20220429_102425_L15670","2022-04-29 10:19:10",-6.27163496373799,53.3441480088668,99540,4380,1680,540,360,240,"[-6.27163496373799,53.3441480088668]","",4.8,5.943,34.401,32.732,0.298,421.406,16.1270392697303,99540,3660,1500,540,420,240,2022,4,29,10,19,10,"Fri","Apr","Fri",20.5459875,68.6540757,0.3415676,"2022-04-29"
"373354",373354,373354,529597,"20220429_102425_L15670","2022-04-29 10:19:18",-6.27163497511384,53.3441480035976,97260,2760,1320,600,540,480,"[-6.27163497511384,53.3441480035976]","[-6.27163496373799,53.3441480088668],[-6.27163496352216,53.3441480085894],[-6.27163497196053,53.344148002017],[-6.27163497511384,53.3441480035976],[-6.27163497511384,53.3441480035976],[-6.27163497511384,53.3441480035976],[-6.27163497511384,53.3441480035976],[-6.27163497511384,53.3441480035976]",4.8,2.6,36.181,33.845,0.3095,420.3365,18.7132479665079,97590,3390,1230,690,480,450,2022,4,29,10,19,18,"Fri","Apr","Fri",14.1525,72.2064217,0.3547489,"2022-04-29"
"373355",373355,373355,529598,"20220429_102425_L15670","2022-04-29 10:19:26",-6.27163497511384,53.3441480035976,96180,3840,1320,660,180,540,"[-6.27163497511384,53.3441480035976]","[-6.27163497511384,53.3441480035976],[-6.27163497511384,53.3441480035976],[-6.27163497511384,53.3441480035976],[-6.27163497511384,53.3441480035976],[-6.27163497511384,53.3441480035976],[-6.27163497511384,53.3441480035976],[-6.27163497511384,53.3441480035976],[-6.27163497511384,53.3441480035976]",4.8,2.6,36.514,34.679,0.308,421.4395,17.8202662335407,95400,3690,1260,660,450,360,2022,4,29,10,19,26,"Fri","Apr","Fri",14.1525,72.8709898,0.3530296,"2022-04-29"
"373356",373356,373356,529599,"20220429_102425_L15670","2022-04-29 10:19:34",-6.27163497511384,53.3441480035976,102600,4560,780,480,480,300,"[-6.27163497511384,53.3441480035976]","[-6.27163497511384,53.3441480035976],[-6.27163497511384,53.3441480035976],[-6.27163497511384,53.3441480035976],[-6.27163497511384,53.3441480035976],[-6.27163497511384,53.3441480035976],[-6.27163497511384,53.3441480035976],[-6.27163497511384,53.3441480035976],[-6.27163497511384,53.3441480035976]",4.8,2.6,35.402,35.7915,0.2995,423.0575,17.8429502184386,101550,4230,1200,630,630,300,2022,4,29,10,19,34,"Fri","Apr","Fri",14.1525,70.6517714,0.3432869,"2022-04-29"
"373357",373357,373357,529600,"20220429_102425_L15670","2022-04-29 10:19:42",-6.27163495949818,53.3441480115354,99240,4140,1440,240,180,480,"[-6.27163495949818,53.3441480115354]","[-6.27163497511384,53.3441480035976],[-6.27163497511384,53.3441480035976],[-6.27163497511384,53.3441480035976],[-6.27163497511384,53.3441480035976],[-6.27163497511384,53.3441480035976],[-6.27163497532615,53.3441480041242],[-6.27163496695045,53.3441480063028],[-6.27163495949818,53.3441480115354]",4.8,9.8625,34.957,35.7915,0.32,423.6295,16.9085606582759,100230,4020,1380,420,330,300,2022,4,29,10,19,42,"Fri","Apr","Fri",28.04203125,69.7636849,0.366784,"2022-04-29"
"373358",373358,373358,529601,"20220429_102425_L15670","2022-04-29 10:19:50",-6.27163495949818,53.3441480115354,97980,4140,1500,480,360,240,"[-6.27163495949818,53.3441480115354]","[-6.27163495949818,53.3441480115354],[-6.27163495949818,53.3441480115354],[-6.27163495949818,53.3441480115354],[-6.27163495949818,53.3441480115354],[-6.27163495949818,53.3441480115354],[-6.27163495949818,53.3441480115354],[-6.27163495949818,53.3441480115354],[-6.27163495949818,53.3441480115354]",4.8,8.849,34.067,35.124,0.313,422.541,17.7208784626187,100320,4140,1260,660,420,300,2022,4,29,10,19,50,"Fri","Apr","Fri",26.1037125,67.9875119,0.3587606,"2022-04-29"
"373359",373359,373359,529602,"20220429_102425_L15670","2022-04-29 10:19:58",-6.27163495949818,53.3441480115354,96900,4080,840,660,420,240,"[-6.27163495949818,53.3441480115354]","[-6.27163495949818,53.3441480115354],[-6.27163495949818,53.3441480115354],[-6.27163495949818,53.3441480115354],[-6.27163495949818,53.3441480115354],[-6.27163495949818,53.3441480115354],[-6.27163495949818,53.3441480115354],[-6.27163495949818,53.3441480115354],[-6.27163495949818,53.3441480115354]",4.8,2.6,33.4555,34.623,0.303,421.452,16.3305929271915,98100,3960,1140,660,420,240,2022,4,29,10,19,58,"Fri","Apr","Fri",14.1525,66.76714135,0.3472986,"2022-04-29"
"373360",373360,373360,529603,"20220429_102425_L15670","2022-04-29 10:20:06",-6.27163495949818,53.3441480115354,99780,3840,1080,480,300,300,"[-6.27163495949818,53.3441480115354]","[-6.27163495949818,53.3441480115354],[-6.27163495949818,53.3441480115354],[-6.27163495949818,53.3441480115354],[-6.27163495949818,53.3441480115354],[-6.27163495949818,53.3441480115354],[-6.27163495949818,53.3441480115354],[-6.27163495949818,53.3441480115354],[-6.27163495949818,53.3441480115354]",4.8,2.6,33.733,33.845,0.287,421.434,17.9790081555788,97500,3510,1230,540,540,360,2022,4,29,10,20,6,"Fri","Apr","Fri",14.1525,67.3209481,0.3289594,"2022-04-29"
"373361",373361,373361,529604,"20220429_102425_L15670","2022-04-29 10:20:14",-6.27163495949818,53.3441480115354,100620,4860,1260,480,120,300,"[-6.27163495949818,53.3441480115354]","[-6.27163495949818,53.3441480115354],[-6.27163495949818,53.3441480115354],[-6.27163495949818,53.3441480115354],[-6.27163495949818,53.3441480115354],[-6.27163495949818,53.3441480115354],[-6.27163495949818,53.3441480115354],[-6.27163495949818,53.3441480115354],[-6.27163495949818,53.3441480115354]",4.8,2.6,34.401,33.845,0.2735,419.2485,17.3738894784456,98160,3660,1200,600,450,300,2022,4,29,10,20,14,"Fri","Apr","Fri",14.1525,68.6540757,0.3134857,"2022-04-29"
"373362",373362,373362,529605,"20220429_102425_L15670","2022-04-29 10:20:22",-6.27163495949818,53.3441480115354,95460,3420,960,600,300,420,"[-6.27163495949818,53.3441480115354]","[-6.27163495949818,53.3441480115354],[-6.27163495949818,53.3441480115354],[-6.27163495949818,53.3441480115354],[-6.27163495949818,53.3441480115354],[-6.27163495949818,53.3441480115354],[-6.27163495949818,53.3441480115354],[-6.27163495949818,53.3441480115354],[-6.27163495949818,53.3441480115354]",4.8,2.6,35.958,33.845,0.285,416.523,17.1299361222656,97530,3630,960,660,300,300,2022,4,29,10,20,22,"Fri","Apr","Fri",14.1525,71.7613806,0.326667,"2022-04-29"
"373363",373363,373363,529606,"20220429_102425_L15670","2022-04-29 10:20:30",-6.27163495949818,53.3441480115354,101040,3360,1080,900,180,480,"[-6.27163495949818,53.3441480115354]","[-6.27163495949818,53.3441480115354],[-6.27163495949818,53.3441480115354],[-6.27163495949818,53.3441480115354],[-6.27163495949818,53.3441480115354],[-6.27163495949818,53.3441480115354],[-6.27163495949818,53.3441480115354],[-6.27163495949818,53.3441480115354],[-6.27163495949818,53.3441480115354]",4.8,2.6,39.073,35.7355,0.2685,415.965,17.4589596906009,99120,3960,1080,690,390,390,2022,4,29,10,20,30,"Fri","Apr","Fri",14.1525,77.9779861,0.3077547,"2022-04-29"
"373364",373364,373364,529607,"20220429_102425_L15670","2022-04-29 10:20:38",-6.27163495290441,53.3441480120251,93780,4500,1620,780,420,480,"[-6.27163495290441,53.3441480120251]","[-6.27163495949818,53.3441480115354],[-6.27163495949818,53.3441480115354],[-6.27163495949818,53.3441480115354],[-6.27163495949818,53.3441480115354],[-6.27163495949818,53.3441480115354],[-6.27163495949818,53.3441480115354],[-6.27163495890217,53.3441480047623],[-6.27163495290441,53.3441480120251]",4.8,2.6,41.186,36.6255,0.269,415.955,16.6271655605773,95640,3870,990,750,420,240,2022,4,29,10,20,38,"Fri","Apr","Fri",14.1525,82.1949002,0.3083278,"2022-04-29"
"373365",373365,373365,529609,"20220429_102425_L15670","2022-04-29 10:20:54",-6.27163493548507,53.3441480175848,94320,3240,1080,780,420,180,"[-6.27163493548507,53.3441480175848]","[-6.27163495147132,53.3441480154504],[-6.27163495147132,53.3441480154504],[-6.27163495147132,53.3441480154504],[-6.27163495147132,53.3441480154504],[-6.27163495147132,53.3441480154504],[-6.27163495147132,53.3441480154504],[-6.27163495127915,53.3441480158217],[-6.27163493548507,53.3441480175848]",4.8,2.6,41.909,41.075,0.2715,417.0305,15.9720695742446,96510,3630,1080,690,420,240,2022,4,29,10,20,54,"Fri","Apr","Fri",14.1525,83.6377913,0.3111933,"2022-04-29"
"373366",373366,373366,529610,"20220429_102425_L15670","2022-04-29 10:21:02",-6.27163493262463,53.3441480544835,100020,4080,960,660,540,420,"[-6.27163493262463,53.3441480544835]","[-6.27163493382175,53.3441480184154],[-6.27163492049673,53.3441480075934],[-6.27163492374725,53.3441480179381],[-6.27163492330889,53.344148016679],[-6.27163492969514,53.3441480170299],[-6.27163494052775,53.3441480166959],[-6.27163494163151,53.3441480168748],[-6.27163493262463,53.3441480544835]",4.8,2.6,40.185,41.075,0.2715,417.037,16.3253073145112,97650,3660,1020,630,450,300,2022,4,29,10,21,2,"Fri","Apr","Fri",14.1525,80.1972045,0.3111933,"2022-04-29"
"373367",373367,373367,529611,"20220429_102425_L15670","2022-04-29 10:21:10",-6.27168483376353,53.3441213678598,95880,3180,1380,540,480,480,"[-6.27168483376353,53.3441213678598]","[-6.27163632723226,53.3441466563244],[-6.27164122152587,53.3441427598235],[-6.27164866527677,53.3441383275687],[-6.27166109067092,53.3441317746171],[-6.27167636759849,53.3441245473119],[-6.27168467298079,53.3441214770426],[-6.27168477637392,53.3441214035828],[-6.27168483376353,53.3441213678598]",4.8,2.6,39.295,40.408,0.258,417.052,16.7950220167283,95760,3420,1080,600,360,270,2022,4,29,10,21,10,"Fri","Apr","Fri",14.1525,78.4210315,0.2957196,"2022-04-29"
"373368",373368,373368,529612,"20220429_102425_L15670","2022-04-29 10:21:18",-6.27170304091964,53.3441163310378,93480,2220,900,540,300,300,"[-6.27170304091964,53.3441163310378]","[-6.27168483376353,53.3441213678598],[-6.27168483401965,53.344121366978],[-6.27168493486186,53.3441213505116],[-6.27168863882412,53.3441202464388],[-6.27169400508196,53.3441187630201],[-6.27169849628361,53.3441175290307],[-6.27170191598813,53.3441166540598],[-6.27170304091964,53.3441163310378]",4.8,2.6,37.627,39.406,0.25,419.7545,14.1380298731442,92670,3210,1080,720,300,270,2022,4,29,10,21,18,"Fri","Apr","Fri",14.1525,75.0922039,0.28655,"2022-04-29"
"373369",373369,373369,529613,"20220429_102425_L15670","2022-04-29 10:21:26",-6.27173232388705,53.3441095779944,93180,2580,1200,240,420,660,"[-6.27173232388705,53.3441095779944]","[-6.27170328906194,53.3441162633812],[-6.27170729551919,53.344115306029],[-6.27171165601228,53.3441142873726],[-6.27171694943845,53.3441131236149],[-6.27172355542525,53.3441116261984],[-6.27172976754791,53.3441101656754],[-6.27173211751357,53.3441096391999],[-6.27173232388705,53.3441095779944]",4.8,2.6,36.848,38.127,0.2535,425.723,16.0897887848306,92610,2880,1080,390,510,330,2022,4,29,10,21,26,"Fri","Apr","Fri",14.1525,73.5375536,0.2905617,"2022-04-29"
"373370",373370,373370,529614,"20220429_102425_L15670","2022-04-29 10:21:34",-6.27174547916072,53.3441070454961,89760,3360,1380,420,600,360,"[-6.27174547916072,53.3441070454961]","[-6.27173233541095,53.3441095715633],[-6.27173233568273,53.3441095712067],[-6.27173230717721,53.3441095778504],[-6.2717335152662,53.3441093293471],[-6.27173532163342,53.3441089219573],[-6.27173852858716,53.3441082363115],[-6.27174203838985,53.3441075511867],[-6.27174547916072,53.3441070454961]",4.8,2.6,36.737,37.571,0.252,428.9915,16.4050187709392,90840,3450,1290,630,330,330,2022,4,29,10,21,34,"Fri","Apr","Fri",14.1525,73.3160309,0.2888424,"2022-04-29"
"373371",373371,373371,529618,"20220429_102425_L15670","2022-04-29 10:22:06",-6.27214111524589,53.3448754823515,139080,5520,900,840,240,240,"[-6.27214111524589,53.3448754823515]","[-6.27210696406065,53.3447219045126],[-6.27210696516729,53.3447219223951],[-6.27210697625634,53.3447219903584],[-6.27210874018358,53.344730104459],[-6.27211652170589,53.3447675845693],[-6.27212436834155,53.3448025546578],[-6.27213206577528,53.3448366868292],[-6.27214111524589,53.3448754823515]",4.8,6.249,29.284,30.952,0.262,448.306,17.1954103385071,95610,3660,1200,630,420,240,2022,4,29,10,22,6,"Fri","Apr","Fri",21.1312125,58.4420788,0.3003044,"2022-04-29"
"373372",373372,373372,529619,"20220429_102425_L15670","2022-04-29 10:22:14",-6.27258354788586,53.3450317759177,94620,3300,840,660,300,540,"[-6.27258354788586,53.3450317759177]","[-6.27216084613481,53.3449183185804],[-6.2722122757995,53.344955210916],[-6.27228578344107,53.3449809351258],[-6.2723577397559,53.3450002556485],[-6.27242432070146,53.345013256234],[-6.27248447093441,53.3450213093997],[-6.27253673575281,53.3450271669578],[-6.27258354788586,53.3450317759177]",4.8,2.6,31.62,30.952,0.2935,441.8135,15.4481042049017,94740,3480,1140,600,270,330,2022,4,29,10,22,14,"Fri","Apr","Fri",14.1525,63.104034,0.3364097,"2022-04-29"
"373373",373373,373373,529620,"20220429_102425_L15670","2022-04-29 10:22:22",-6.27290082247741,53.345056720014,96540,2880,1440,660,600,240,"[-6.27290082247741,53.345056720014]","[-6.27262727467349,53.3450356977841],[-6.27266869226125,53.3450392672179],[-6.27271050114624,53.3450426095615],[-6.27275291171442,53.3450457324337],[-6.27279522516668,53.3450487732905],[-6.27283527923618,53.3450517270749],[-6.27287173726669,53.3450544850283],[-6.27290082247741,53.345056720014]",4.8,2.6,34.735,31.2305,0.284,430.952,15.7757258314051,95460,3330,1290,600,390,240,2022,4,29,10,22,22,"Fri","Apr","Fri",14.1525,69.3206395,0.3255208,"2022-04-29"
"373374",373374,373374,529621,"20220429_102425_L15670","2022-04-29 10:22:30",-6.27291548398974,53.3450579005189,91860,4140,1680,780,600,240,"[-6.27291548398974,53.3450579005189]","[-6.27291493314717,53.3450578592738],[-6.2729155232425,53.3450579019528],[-6.27291549265641,53.3450579007666],[-6.27291549110852,53.3450579010826],[-6.27291548667655,53.3450579019146],[-6.27291548398974,53.3450579005189],[-6.27291548398974,53.3450579005189],[-6.27291548398974,53.3450579005189]",4.8,2.6,37.293,32.5095,0.2685,423.348,16.1600342677375,94710,3570,1230,720,390,240,2022,4,29,10,22,30,"Fri","Apr","Fri",14.1525,74.4256401,0.3077547,"2022-04-29"
"373375",373375,373375,529622,"20220429_102425_L15670","2022-04-29 10:22:38",-6.27291547977903,53.3450578994897,95700,3960,1080,660,420,360,"[-6.27291547977903,53.3450578994897]","[-6.27291548398974,53.3450579005189],[-6.27291548398974,53.3450579005189],[-6.27291548398974,53.3450579005189],[-6.27291548398974,53.3450579005189],[-6.27291548398974,53.3450579005189],[-6.27291548398974,53.3450579005189],[-6.27291548398974,53.3450579005189],[-6.27291547977903,53.3450578994897]",4.8,2.6,40.074,36.2365,0.249,425.0025,16.5502374066833,95880,3420,1170,630,360,360,2022,4,29,10,22,38,"Fri","Apr","Fri",14.1525,79.9756818,0.2854038,"2022-04-29"
"373376",373376,373376,529623,"20220429_102425_L15670","2022-04-29 10:22:46",-6.27350287349477,53.3451027783458,99000,4140,840,420,120,540,"[-6.27350287349477,53.3451027783458]","[-6.27292272106468,53.3450584752657],[-6.27296441387292,53.3450616359603],[-6.27302387787209,53.3450661655399],[-6.27309202816837,53.3450714735133],[-6.27317745236089,53.3450780496005],[-6.27328193442869,53.3450858145886],[-6.27339623995598,53.3450947096518],[-6.27350287349477,53.3451027783458]",4.8,2.6,39.6845,38.183,0.469,447.786,14.8648711778487,96330,3480,1020,630,360,150,2022,4,29,10,22,46,"Fri","Apr","Fri",14.1525,79.19835665,0.5375678,"2022-04-29"
"373377",373377,373377,529624,"20220429_102425_L15670","2022-04-29 10:22:54",-6.27434982040194,53.3451662915981,96540,3180,1380,720,180,300,"[-6.27434982040194,53.3451662915981]","[-6.27361666426102,53.3451115427798],[-6.273737083361,53.3451200688489],[-6.27385339444272,53.3451284673147],[-6.27396801345844,53.3451373587647],[-6.27407309993268,53.3451453012848],[-6.27416933716686,53.3451522281475],[-6.27426148716873,53.3451592956731],[-6.27434982040194,53.3451662915981]",38.2395,13.582,38.294,38.85,1.281,479.2425,16.9313974930025,93780,3720,1350,600,420,300,2022,4,29,10,22,54,"Fri","Apr","Fri",99.10861875,76.4233358,1.4682822,"2022-04-29"
"373378",373378,373378,529625,"20220429_102425_L15670","2022-04-29 10:23:02",-6.27463397810987,53.3451835243028,97140,2880,1200,780,180,240,"[-6.27463397810987,53.3451835243028]","[-6.27443205511506,53.345172193709],[-6.27450285500677,53.345176721653],[-6.27456015936067,53.345179799604],[-6.27460368564213,53.3451820189887],[-6.2746286464944,53.3451832505199],[-6.27463374092104,53.3451835134631],[-6.2746340384424,53.3451835259806],[-6.27463397810987,53.3451835243028]",4.8,10.664,37.404,38.85,0.872,436.373,15.4196813147671,94260,3480,1170,720,360,270,2022,4,29,10,23,2,"Fri","Apr","Fri",29.5749,74.6471628,0.9994864,"2022-04-29"
"373379",373379,373379,529626,"20220429_102425_L15670","2022-04-29 10:23:10",-6.27476536741538,53.3451893588686,93840,3600,1320,780,480,180,"[-6.27476536741538,53.3451893588686]","[-6.27463382541217,53.3451835221137],[-6.2746476956883,53.3451842202269],[-6.27467791274052,53.3451854360684],[-6.27471004352527,53.3451868002837],[-6.27473686362597,53.3451880323367],[-6.2747549724134,53.3451888885347],[-6.27476375457016,53.3451892867117],[-6.27476536741538,53.3451893588686]",4.8,13.2185,34.846,37.738,0.621,428.2355,15.7903057417375,93330,3120,1140,480,420,270,2022,4,29,10,23,10,"Fri","Apr","Fri",34.46038125,69.5421622,0.7117902,"2022-04-29"
"373380",373380,373380,529627,"20220429_102425_L15670","2022-04-29 10:23:18",-6.27476672264907,53.3451893818799,96000,2880,1380,960,420,360,"[-6.27476672264907,53.3451893818799]","[-6.27476542431578,53.3451893633296],[-6.27476542431578,53.3451893633296],[-6.27476542431578,53.3451893633296],[-6.27476542431578,53.3451893633296],[-6.27476542431578,53.3451893633296],[-6.27476542431578,53.3451893633296],[-6.2747654275014,53.3451893680863],[-6.27476672264907,53.3451893818799]",24.9085,24.947,30.063,35.5685,0.509,434.226,16.0399276469167,95580,3510,1230,600,360,330,2022,4,29,10,23,18,"Fri","Apr","Fri",95.34864375,59.9967291,0.5834158,"2022-04-29"
"373381",373381,373381,529628,"20220429_102425_L15670","2022-04-29 10:23:26",-6.27477924845858,53.345189465005,99360,4380,960,420,480,300,"[-6.27477924845858,53.345189465005]","[-6.27477416781419,53.3451892938348],[-6.2747786890216,53.3451894438246],[-6.27477927719878,53.3451894649879],[-6.27477924845858,53.345189465005],[-6.27477924845858,53.345189465005],[-6.27477924845858,53.345189465005],[-6.27477924845858,53.345189465005],[-6.27477924845858,53.345189465005]",62.9825,21.786,26.058,32.621,0.492,435.301,17.7350922544034,98010,4800,1800,540,480,270,2022,4,29,10,23,26,"Fri","Apr","Fri",162.11975625,52.0039506,0.5639304,"2022-04-29"
"373382",373382,373382,529629,"20220429_102425_L15670","2022-04-29 10:23:34",-6.27477924845858,53.345189465005,99000,4560,1140,240,480,360,"[-6.27477924845858,53.345189465005]","[-6.27477924845858,53.345189465005],[-6.27477924845858,53.345189465005],[-6.27477924845858,53.345189465005],[-6.27477924845858,53.345189465005],[-6.27477924845858,53.345189465005],[-6.27477924845858,53.345189465005],[-6.27477924845858,53.345189465005],[-6.27477924845858,53.345189465005]",139.132,18.9305,25.947,28.5055,1.6515,435.844,17.4060041304274,97830,3630,1320,810,420,300,2022,4,29,10,23,34,"Fri","Apr","Fri",302.29453125,51.7824279,1.8929493,"2022-04-29"
"373383",373383,373383,529630,"20220429_102425_L15670","2022-04-29 10:23:42",-6.27477924845858,53.345189465005,95340,3660,1080,360,60,120,"[-6.27477924845858,53.345189465005]","[-6.27477924845858,53.345189465005],[-6.27477924845858,53.345189465005],[-6.27477924845858,53.345189465005],[-6.27477924845858,53.345189465005],[-6.27477924845858,53.345189465005],[-6.27477924845858,53.345189465005],[-6.27477924845858,53.345189465005],[-6.27477924845858,53.345189465005]",31.3015,20.102,25.8915,26.281,3.407,445.07,17.0747368456746,96750,3660,1380,510,330,330,2022,4,29,10,23,42,"Fri","Apr","Fri",98.30919375,51.67166655,3.9051034,"2022-04-29"
"373384",373384,373384,529631,"20220429_102425_L15670","2022-04-29 10:23:50",-6.27477924845858,53.345189465005,93360,3960,840,480,480,300,"[-6.27477924845858,53.345189465005]","[-6.27477924845858,53.345189465005],[-6.27477924845858,53.345189465005],[-6.27477924845858,53.345189465005],[-6.27477924845858,53.345189465005],[-6.27477924845858,53.345189465005],[-6.27477924845858,53.345189465005],[-6.27477924845858,53.345189465005],[-6.27477924845858,53.345189465005]",4.8,7.9925,30.396,26.281,2.4885,431.5565,16.6942613306305,93480,3690,1200,720,390,270,2022,4,29,10,23,50,"Fri","Apr","Fri",24.46565625,60.6612972,2.8523187,"2022-04-29"
"373385",373385,373385,529632,"20220429_102425_L15670","2022-04-29 10:23:58",-6.27513084324738,53.3452144036737,101220,5460,1860,720,480,360,"[-6.27513084324738,53.3452144036737]","[-6.27477924845858,53.345189465005],[-6.27477924930814,53.3451894652676],[-6.27478441392087,53.3451896488785],[-6.27481106829974,53.3451909758375],[-6.27486671681082,53.3451950385773],[-6.2749493816848,53.3452011775466],[-6.27503940007083,53.3452078580867],[-6.27513084324738,53.3452144036737]",199.031,16.128,33.956,28.283,2.369,434.824,18.2441225052842,95130,3510,1320,750,360,330,2022,4,29,10,23,58,"Fri","Apr","Fri",411.4915875,67.7659892,2.7153478,"2022-04-29"
"373386",373386,373386,529634,"20220429_102425_L15670","2022-04-29 10:24:14",-6.27690464594314,53.3455114879864,89640,3420,1200,660,300,360,"[-6.27690464594314,53.3455114879864]","[-6.27598084301235,53.3453142351093],[-6.27610811594279,53.3453438170662],[-6.27623459463079,53.345371666879],[-6.27636691319138,53.3454008320356],[-6.27649939272304,53.3454285242765],[-6.2766318656667,53.3454557446809],[-6.27676717918325,53.3454832277381],[-6.27690464594314,53.3455114879864]",317.889,72.31,26.281,30.3405,2.0175,502.089,16.8211159181954,90870,3510,1230,660,450,270,2022,4,29,10,24,14,"Fri","Apr","Fri",746.2555875,52.4489917,2.3124585,"2022-04-29"
"373387",373387,373387,529635,"20220429_102425_L15670","2022-04-29 10:24:22",-6.27785014145799,53.3456959618549,91740,4740,1140,660,300,360,"[-6.27785014145799,53.3456959618549]","[-6.27704634796382,53.3455397501753],[-6.2771891806794,53.3455677279088],[-6.27732576957031,53.3455940859198],[-6.27745237427751,53.3456185018493],[-6.27756835135985,53.3456409892206],[-6.27767358828079,53.3456614489482],[-6.27776729050821,53.3456795595317],[-6.27785014145799,53.3456959618549]",90.265,45.948,21.609,29.5065,1.347,455.4405,14.3681244849375,87960,3780,1140,630,300,240,2022,4,29,10,24,22,"Fri","Apr","Fri",260.5073625,43.1250813,1.5439314,"2022-04-29"
"373388",373388,373388,529640,"20220429_102425_L15670","2022-04-29 10:25:02",-6.27909590219096,53.3459407935552,94200,2700,1140,420,300,300,"[-6.27909590219096,53.3459407935552]","[-6.27905396237422,53.3459325490709],[-6.27906727627044,53.3459351611065],[-6.27907709832657,53.3459370919244],[-6.27908428415355,53.3459385175685],[-6.27908985882163,53.3459396088112],[-6.27909394933868,53.345940402494],[-6.2790958821625,53.3459407893589],[-6.27909590219096,53.3459407935552]",4.8,2.6,32.955,31.509,0.4955,424.493,14.7477966656106,94620,2970,1110,480,360,270,2022,4,29,10,25,2,"Fri","Apr","Fri",14.1525,65.7682935,0.5679421,"2022-04-29"
"373389",373389,373389,529641,"20220429_102425_L15670","2022-04-29 10:25:10",-6.27909584636585,53.3459407825627,102960,2880,1440,840,300,360,"[-6.27909584636585,53.3459407825627]","[-6.27909584636585,53.3459407825627],[-6.27909584636585,53.3459407825627],[-6.27909584636585,53.3459407825627],[-6.27909584636585,53.3459407825627],[-6.27909584636585,53.3459407825627],[-6.27909584636585,53.3459407825627],[-6.27909584636585,53.3459407825627],[-6.27909584636585,53.3459407825627]",4.8,2.6,35.068,32.065,0.4965,422.3315,16.968563662994,96330,2970,1140,660,390,360,2022,4,29,10,25,10,"Fri","Apr","Fri",14.1525,69.9852076,0.5690883,"2022-04-29"
"373390",373390,373390,529642,"20220429_102425_L15670","2022-04-29 10:25:18",-6.27909584636585,53.3459407825627,99780,3180,1380,540,360,180,"[-6.27909584636585,53.3459407825627]","[-6.27909584636585,53.3459407825627],[-6.27909584636585,53.3459407825627],[-6.27909584636585,53.3459407825627],[-6.27909584636585,53.3459407825627],[-6.27909584636585,53.3459407825627],[-6.27909584636585,53.3459407825627],[-6.27909584636585,53.3459407825627],[-6.27909584636585,53.3459407825627]",4.8,2.6,37.07,34.5675,0.587,425.5815,15.3675623947607,99120,3450,1200,570,420,240,2022,4,29,10,25,18,"Fri","Apr","Fri",14.1525,73.980599,0.6728194,"2022-04-29"
"373391",373391,373391,529643,"20220429_102425_L15670","2022-04-29 10:25:26",-6.27909584636585,53.3459407825627,98040,3600,1620,720,420,120,"[-6.27909584636585,53.3459407825627]","[-6.27909584636585,53.3459407825627],[-6.27909584636585,53.3459407825627],[-6.27909584636585,53.3459407825627],[-6.27909584636585,53.3459407825627],[-6.27909584636585,53.3459407825627],[-6.27909584636585,53.3459407825627],[-6.27909584636585,53.3459407825627],[-6.27909584636585,53.3459407825627]",4.8,2.6,38.294,35.68,0.462,423.451,15.2160976390046,96030,3390,1290,690,360,270,2022,4,29,10,25,26,"Fri","Apr","Fri",14.1525,76.4233358,0.5295444,"2022-04-29"
"373392",373392,373392,529644,"20220429_102425_L15670","2022-04-29 10:25:34",-6.27940925520873,53.3460003799828,96300,3120,1200,600,360,240,"[-6.27940925520873,53.3460003799828]","[-6.27909584636585,53.3459407825627],[-6.27909584976473,53.3459407837782],[-6.27910023461338,53.3459416184845],[-6.27913318218733,53.3459477259983],[-6.27919152240223,53.3459587858502],[-6.27925838269457,53.3459718479026],[-6.27933297297028,53.3459860553072],[-6.27940925520873,53.3460003799828]",108.312,30.683,33.066,35.68,0.648,432.135,14.4750300485258,97560,3150,1260,570,420,210,2022,4,29,10,25,34,"Fri","Apr","Fri",265.8279375,65.9898162,0.7427376,"2022-04-29"
"373393",373393,373393,529645,"20220429_102425_L15670","2022-04-29 10:25:42",-6.28014390386999,53.3461410030073,91380,4080,1140,720,300,420,"[-6.28014390386999,53.3461410030073]","[-6.27948967892506,53.346015342779],[-6.27957077946606,53.3460306272726],[-6.27965342189688,53.346046302495],[-6.27974475945136,53.3460640663803],[-6.27983982242869,53.3460826281975],[-6.27993374636164,53.3461007641531],[-6.28003242351768,53.3461198941689],[-6.28014390386999,53.3461410030073]",251.425,93.585,28.2275,35.736,0.947,471.221,14.9865298030469,93390,4020,1140,630,270,300,2022,4,29,10,25,42,"Fri","Apr","Fri",659.831625,56.33362175,1.0854514,"2022-04-29"
"373394",373394,373394,529646,"20220429_102425_L15670","2022-04-29 10:25:50",-6.28116879445839,53.3462576353678,92580,3360,1200,420,480,480,"[-6.28116879445839,53.3462576353678]","[-6.28026861097736,53.3461628100124],[-6.28039055074284,53.3461815328669],[-6.28051181785279,53.3461972478207],[-6.28063569854378,53.3462123646707],[-6.28076952715086,53.3462257754439],[-6.2809069881771,53.3462370921078],[-6.28104233402171,53.3462476255787],[-6.28116879445839,53.3462576353678]",307.1705,98.9765,22.165,31.731,0.9655,501.462,16.4024364553045,95580,3720,1200,600,450,300,2022,4,29,10,25,50,"Fri","Apr","Fri",776.7561375,44.2346905,1.1066561,"2022-04-29"
"373395",373395,373395,529647,"20220429_102425_L15670","2022-04-29 10:25:58",-6.28177642608884,53.3463149688156,99600,3840,720,660,540,300,"[-6.28177642608884,53.3463149688156]","[-6.28128566995104,53.3462671619753],[-6.28139253871351,53.3462768214809],[-6.281488112457,53.3462860610322],[-6.28156891252059,53.3462940374214],[-6.28163570315666,53.3463006201843],[-6.28169161692499,53.3463062691815],[-6.28173826219728,53.3463110244407],[-6.28177642608884,53.3463149688156]",104.444,67.417,16.937,24.501,0.789,484.6525,17.0169057018904,97380,4110,1350,630,390,270,2022,4,29,10,25,58,"Fri","Apr","Fri",328.6841625,33.8011709,0.9043518,"2022-04-29"
"373396",373396,373396,529648,"20220429_102425_L15670","2022-04-29 10:26:06",-6.28187894402666,53.346325046359,101400,4740,900,780,180,720,"[-6.28187894402666,53.346325046359]","[-6.28180704468546,53.346317990468],[-6.28183107494197,53.346320372687],[-6.28184927633308,53.3463221153665],[-6.28186256411196,53.3463233841378],[-6.28187164733637,53.3463243111025],[-6.28187723064938,53.3463248811657],[-6.28187884136574,53.3463250358386],[-6.28187894402666,53.346325046359]",38.979,41.561,18.16,19.606,0.5995,449.396,16.3462321636205,99090,4200,1290,720,390,270,2022,4,29,10,26,6,"Fri","Apr","Fri",154.03275,36.241912,0.6871469,"2022-04-29"
"373397",373397,373397,529649,"20220429_102425_L15670","2022-04-29 10:26:14",-6.28187892630164,53.3463250452941,96240,3300,900,660,120,420,"[-6.28187892630164,53.3463250452941]","[-6.28187892630164,53.3463250452941],[-6.28187892630164,53.3463250452941],[-6.28187892630164,53.3463250452941],[-6.28187892630164,53.3463250452941],[-6.28187892630164,53.3463250452941],[-6.28187892630164,53.3463250452941],[-6.28187892630164,53.3463250452941],[-6.28187892630164,53.3463250452941]",4.8,19.994,26.058,19.7175,0.452,436.367,17.7188930558286,96930,3660,1230,600,420,390,2022,4,29,10,26,14,"Fri","Apr","Fri",47.418525,52.0039506,0.5180824,"2022-04-29"
"373398",373398,373398,529650,"20220429_102425_L15670","2022-04-29 10:26:22",-6.28187892630164,53.3463250452941,107700,5160,2100,720,720,180,"[-6.28187892630164,53.3463250452941]","[-6.28187892630164,53.3463250452941],[-6.28187892630164,53.3463250452941],[-6.28187892630164,53.3463250452941],[-6.28187892630164,53.3463250452941],[-6.28187892630164,53.3463250452941],[-6.28187892630164,53.3463250452941],[-6.28187892630164,53.3463250452941],[-6.28187892630164,53.3463250452941]",162.8415,25.9335,26.837,21.553,0.3745,435.293,18.3994737985675,102720,4680,1410,870,480,360,2022,4,29,10,26,22,"Fri","Apr","Fri",361.0321875,53.5586009,0.4292519,"2022-04-29"
"373399",373399,373399,529651,"20220429_102425_L15670","2022-04-29 10:26:30",-6.28187892630164,53.3463250452941,99300,2820,1380,780,480,300,"[-6.28187892630164,53.3463250452941]","[-6.28187892630164,53.3463250452941],[-6.28187892630164,53.3463250452941],[-6.28187892630164,53.3463250452941],[-6.28187892630164,53.3463250452941],[-6.28187892630164,53.3463250452941],[-6.28187892630164,53.3463250452941],[-6.28187892630164,53.3463250452941],[-6.28187892630164,53.3463250452941]",9.8555,21.683,25.947,26.0025,0.3525,448.8705,20.3346145253195,99210,3870,1380,720,540,450,2022,4,29,10,26,30,"Fri","Apr","Fri",60.31738125,51.7824279,0.4040355,"2022-04-29"
"373400",373400,373400,529652,"20220429_102425_L15670","2022-04-29 10:26:38",-6.28187892630164,53.3463250452941,96780,3360,1140,300,600,60,"[-6.28187892630164,53.3463250452941]","[-6.28187892630164,53.3463250452941],[-6.28187892630164,53.3463250452941],[-6.28187892630164,53.3463250452941],[-6.28187892630164,53.3463250452941],[-6.28187892630164,53.3463250452941],[-6.28187892630164,53.3463250452941],[-6.28187892630164,53.3463250452941],[-6.28187892630164,53.3463250452941]",4.8,16.092,28.06,26.837,0.341,437.4655,15.8379652431246,97740,3480,1200,720,390,300,2022,4,29,10,26,38,"Fri","Apr","Fri",39.95595,55.999342,0.3908542,"2022-04-29"
"373401",373401,373401,529653,"20220429_102425_L15670","2022-04-29 10:26:46",-6.28187892630164,53.3463250452941,90360,3540,1320,960,420,300,"[-6.28187892630164,53.3463250452941]","[-6.28187892630164,53.3463250452941],[-6.28187892630164,53.3463250452941],[-6.28187892630164,53.3463250452941],[-6.28187892630164,53.3463250452941],[-6.28187892630164,53.3463250452941],[-6.28187892630164,53.3463250452941],[-6.28187892630164,53.3463250452941],[-6.28187892630164,53.3463250452941]",4.8,11.412,27.17,27.17,0.3165,430.448,16.869959961335,94950,3750,1290,750,420,300,2022,4,29,10,26,46,"Fri","Apr","Fri",31.00545,54.223169,0.3627723,"2022-04-29"
"373402",373402,373402,529654,"20220429_102425_L15670","2022-04-29 10:26:54",-6.28201922739558,53.3463402579632,140880,5160,1140,480,300,240,"[-6.28201922739558,53.3463402579632]","[-6.28187892630164,53.3463250452941],[-6.28187892630164,53.3463250452941],[-6.28187892630164,53.3463250452941],[-6.28187893793457,53.3463250474829],[-6.28187947734789,53.346325108034],[-6.28189728308973,53.3463269415533],[-6.28194595550527,53.3463322232701],[-6.28201922739558,53.3463402579632]",94.5195,10.8565,32.621,27.504,0.6965,431.591,16.7804613233213,97350,3540,1260,690,330,240,2022,4,29,10,26,54,"Fri","Apr","Fri",201.5316,65.1017297,0.7983283,"2022-04-29"
"373403",373403,373403,529656,"20220429_102425_L15670","2022-04-29 10:27:10",-6.28345290733355,53.3465036015145,95280,4020,1500,960,420,180,"[-6.28345290733355,53.3465036015145]","[-6.28298353889503,53.3464456620091],[-6.28308069093281,53.346458682569],[-6.28316781853554,53.3464696102624],[-6.28324474936461,53.346479330521],[-6.28331176614937,53.3464876002299],[-6.28336859609204,53.3464943244308],[-6.28341537400894,53.3464994474472],[-6.28345290733355,53.3465036015145]",58.3755,34.25,30.619,32.2315,1.419,445.633,16.0821637507911,95580,3300,1290,690,300,360,2022,4,29,10,27,10,"Fri","Apr","Fri",177.14626875,61.1063383,1.6264578,"2022-04-29"
"373404",373404,373404,529657,"20220429_102425_L15670","2022-04-29 10:27:18",-6.28354702412471,53.3465137532539,96300,3900,2040,420,540,540,"[-6.28354702412471,53.3465137532539]","[-6.28348186501141,53.3465067545953],[-6.28350312010221,53.3465090323616],[-6.28351779652901,53.3465106260201],[-6.2835269276834,53.3465115947225],[-6.28353440955772,53.3465123858268],[-6.28354373869774,53.346513404235],[-6.28354684111814,53.3465137317774],[-6.28354702412471,53.3465137532539]",4.8,26.34,27.949,32.2315,0.9625,438.592,17.9140748570383,95640,3870,1410,660,480,390,2022,4,29,10,27,18,"Fri","Apr","Fri",59.55525,55.7778193,1.1032175,"2022-04-29"
"373405",373405,373405,529658,"20220429_102425_L15670","2022-04-29 10:27:26",-6.28354701151144,53.3465137532308,96360,3720,1080,600,240,180,"[-6.28354701151144,53.3465137532308]","[-6.28354701151144,53.3465137532308],[-6.28354701151144,53.3465137532308],[-6.28354701151144,53.3465137532308],[-6.28354701151144,53.3465137532308],[-6.28354701151144,53.3465137532308],[-6.28354701151144,53.3465137532308],[-6.28354701151144,53.3465137532308],[-6.28354701151144,53.3465137532308]",4.8,20.0195,30.285,30.452,0.681,428.815,16.0218474210223,95670,3300,1140,600,450,270,2022,4,29,10,27,26,"Fri","Apr","Fri",47.46729375,60.4397745,0.7805622,"2022-04-29"
"373406",373406,373406,529662,"20220429_102425_L15670","2022-04-29 10:27:58",-6.28670412125883,53.3466223770306,89940,5220,1560,840,1020,360,"[-6.28670412125883,53.3466223770306]","[-6.28527613707929,53.3465727344121],[-6.28546669535853,53.3465790722605],[-6.28566640758512,53.34658595783],[-6.28587064784598,53.346592854013],[-6.28607511173469,53.346600131395],[-6.28628241409141,53.3466073458132],[-6.28649344300671,53.3466145404871],[-6.28670412125883,53.3466223770306]",308.598,94.988,17.382,27.282,1.623,485.27,21.7444972294159,91860,4590,1530,780,780,450,2022,4,29,10,27,58,"Fri","Apr","Fri",771.858225,34.6892574,1.8602826,"2022-04-29"
"373407",373407,373407,529663,"20220429_102425_L15670","2022-04-29 10:28:06",-6.28832397610109,53.3466805792872,93600,4440,1320,960,300,360,"[-6.28832397610109,53.3466805792872]","[-6.28691308051481,53.3466296289676],[-6.28711773439329,53.3466365333794],[-6.28731777195421,53.346643310552],[-6.28751480896907,53.346649908279],[-6.28771176278905,53.3466570854265],[-6.28791174676786,53.3466647070061],[-6.28811715687311,53.3466724654356],[-6.28832397610109,53.3466805792872]",56.526,60.683,14.378,20.1625,1.113,467.4475,19.7193421752396,93330,4320,1380,960,540,420,2022,4,29,10,28,6,"Fri","Apr","Fri",224.1622125,28.6941746,1.2757206,"2022-04-29"
"373408",373408,373408,529664,"20220429_102425_L15670","2022-04-29 10:28:14",-6.28997119896928,53.3468214709651,91740,2820,1320,480,480,300,"[-6.28997119896928,53.3468214709651]","[-6.28852930903831,53.346687856264],[-6.28873636736303,53.3466945664189],[-6.28894203037094,53.3467036722636],[-6.2891511495358,53.3467202559292],[-6.28937050456818,53.3467427990919],[-6.28958920173639,53.3467687357412],[-6.28979054795161,53.3467957994416],[-6.28997119896928,53.3468214709651]",4.8,31.035,19.161,18.2715,0.76,441.8,17.3349981882708,91770,3180,1140,630,510,360,2022,4,29,10,28,14,"Fri","Apr","Fri",68.5344375,38.2396077,0.871112,"2022-04-29"
"373409",373409,373409,529665,"20220429_102425_L15670","2022-04-29 10:28:22",-6.29054656944534,53.3469199251935,94140,4620,1020,1080,420,300,"[-6.29054656944534,53.3469199251935]","[-6.29012506919496,53.3468456064891],[-6.29025011061538,53.3468670981174],[-6.29034842263311,53.3468843457869],[-6.29042074632094,53.3468973069496],[-6.29047141042042,53.3469064136158],[-6.29050624328981,53.3469126603156],[-6.29052982982765,53.3469168888954],[-6.29054656944534,53.3469199251935]",4.8,21.457,27.059,18.2715,0.5755,427.255,14.7064334429897,92970,3930,1230,570,390,210,2022,4,29,10,28,22,"Fri","Apr","Fri",50.2165125,54.0016463,0.6596381,"2022-04-29"
"373410",373410,373410,529666,"20220429_102425_L15670","2022-04-29 10:28:30",-6.29089277459853,53.3472174699691,99540,2580,900,600,360,300,"[-6.29089277459853,53.3472174699691]","[-6.29058337498252,53.3469265223006],[-6.29065193852105,53.3469375587079],[-6.29073310354455,53.3469492757243],[-6.29082078537371,53.3469668173742],[-6.29089740765758,53.3470070817963],[-6.29093718279853,53.3470686070834],[-6.29092856240453,53.3471411241473],[-6.29089277459853,53.3472174699691]",4.8,16.392,31.509,21.497,1.7885,434.316,15.7547915141345,94470,3210,990,660,360,270,2022,4,29,10,28,30,"Fri","Apr","Fri",40.5297,62.8825113,2.0499787,"2022-04-29"
"373411",373411,373411,529667,"20220429_102425_L15670","2022-04-29 10:28:38",-6.29124776613773,53.3476182528678,89640,3540,960,780,660,180,"[-6.29124776613773,53.3476182528678]","[-6.29085228908918,53.3472922341559],[-6.29082157473588,53.3473627251111],[-6.29081567283004,53.3474288957613],[-6.2908520941795,53.3474860362796],[-6.29092896979353,53.3475298481251],[-6.29104165218367,53.347563918646],[-6.29115439672569,53.3475943484645],[-6.29124776613773,53.3476182528678]",4.8,15.4995,31.954,30.174,1.502,439.2165,14.6774978429317,90870,3300,990,660,450,180,2022,4,29,10,28,38,"Fri","Apr","Fri",38.82279375,63.7705978,1.7215924,"2022-04-29"
"373412",373412,373412,529668,"20220429_102425_L15670","2022-04-29 10:28:46",-6.29150099453535,53.3476810909213,96180,3840,1560,540,420,240,"[-6.29150099453535,53.3476810909213]","[-6.29132577141837,53.3476380030886],[-6.29138891486372,53.347653558512],[-6.29143503564451,53.3476650430211],[-6.29146900123613,53.3476733991374],[-6.29149189564954,53.3476789565804],[-6.29150102466772,53.3476811060356],[-6.29150108790482,53.3476811148898],[-6.29150099453535,53.3476810909213]",4.8,8.8925,32.065,31.62,1.305,440.8515,16.6541640018674,96120,3750,1530,510,420,270,2022,4,29,10,28,46,"Fri","Apr","Fri",26.18690625,63.9921205,1.495791,"2022-04-29"
"373413",373413,373413,529669,"20220429_102425_L15670","2022-04-29 10:28:54",-6.29150094979257,53.3476810807189,90720,2880,1020,1080,300,360,"[-6.29150094979257,53.3476810807189]","[-6.29150094979257,53.3476810807189],[-6.29150094979257,53.3476810807189],[-6.29150094979257,53.3476810807189],[-6.29150094979257,53.3476810807189],[-6.29150094979257,53.3476810807189],[-6.29150094979257,53.3476810807189],[-6.29150094979257,53.3476810807189],[-6.29150094979257,53.3476810807189]",4.8,6.702,31.286,31.954,0.829,426.7405,14.8962552170708,91830,3000,1080,660,360,210,2022,4,29,10,28,54,"Fri","Apr","Fri",21.997575,62.4374702,0.9501998,"2022-04-29"
"373414",373414,373414,529670,"20220429_102425_L15670","2022-04-29 10:29:02",-6.29179266510912,53.3477497269592,88140,3060,1200,540,660,120,"[-6.29179266510912,53.3477497269592]","[-6.29150094979257,53.3476810807189],[-6.29150094979257,53.3476810807189],[-6.29150095041671,53.3476810797042],[-6.29150725548582,53.3476826546606],[-6.29154813760015,53.3476926276843],[-6.29161698784566,53.3477089690086],[-6.29170195225397,53.3477288770877],[-6.29179266510912,53.3477497269592]",160.4,16.231,32.621,32.0095,0.6595,426.8535,14.7491148325703,89130,3120,1200,630,390,180,2022,4,29,10,29,2,"Fri","Apr","Fri",337.8067875,65.1017297,0.7559189,"2022-04-29"
"373415",373415,373415,529671,"20220429_102425_L15670","2022-04-29 10:29:10",-6.29285009532898,53.3479728673819,90480,3720,1260,660,840,360,"[-6.29285009532898,53.3479728673819]","[-6.29189299075099,53.3477719843712],[-6.29200746438221,53.3477985244965],[-6.2921353794489,53.3478284617514],[-6.29226702717043,53.3478593209721],[-6.29240654806542,53.3478911998005],[-6.29255031338156,53.3479210949753],[-6.2927001210077,53.347948758848],[-6.29285009532898,53.3479728673819]",33.049,19.898,28.728,31.62,0.848,461.608,14.9546835318185,94050,3870,1170,570,300,270,2022,4,29,10,29,10,"Fri","Apr","Fri",101.2611375,57.3324696,0.9719776,"2022-04-29"
"373416",373416,373416,529672,"20220429_102425_L15670","2022-04-29 10:29:18",-6.29399793450117,53.3480535452271,92400,3540,1080,420,300,180,"[-6.29399793450117,53.3480535452271]","[-6.2929988127002,53.3479928857639],[-6.29314420977154,53.3480079769884],[-6.29329929819013,53.3480195434976],[-6.29345548216692,53.3480273913597],[-6.29360006977569,53.3480345415775],[-6.29373479379195,53.3480410948359],[-6.29387015512593,53.3480475172924],[-6.29399793450117,53.3480535452271]",4.8,11.065,30.619,30.619,0.6745,453.456,13.7711745530897,92130,3660,1110,480,480,150,2022,4,29,10,29,18,"Fri","Apr","Fri",30.3418125,61.1063383,0.7731119,"2022-04-29"
"373417",373417,373417,529673,"20220429_102425_L15670","2022-04-29 10:29:26",-6.29436177701985,53.3480703262745,110280,5520,1080,660,360,240,"[-6.29436177701985,53.3480703262745]","[-6.29411177380684,53.348058884711],[-6.29421119073113,53.3480632661989],[-6.29429338011091,53.3480670527401],[-6.29434287338215,53.3480695114871],[-6.29436067990545,53.348070265415],[-6.29436188025791,53.3480703295947],[-6.29436183080243,53.3480703282615],[-6.29436177701985,53.3480703262745]",4.8,7.485,30.285,30.3965,0.524,437.1955,16.7033049230356,106350,5640,1080,720,420,210,2022,4,29,10,29,26,"Fri","Apr","Fri",23.4950625,60.4397745,0.6006088,"2022-04-29"
"373418",373418,373418,529674,"20220429_102425_L15670","2022-04-29 10:29:34",-6.29479442749561,53.3480928400429,97260,3960,1260,720,360,60,"[-6.29479442749561,53.3480928400429]","[-6.29436179365678,53.3480703279493],[-6.29436315955937,53.3480704165853],[-6.2943890123986,53.3480717203526],[-6.294437313844,53.3480740208809],[-6.29449854386889,53.3480770318634],[-6.29457714823415,53.3480807371703],[-6.2946829671967,53.3480860635788],[-6.29479442749561,53.3480928400429]",4.8,2.6,35.3465,30.285,0.457,432.479,17.8435468285203,102360,5310,1260,660,330,330,2022,4,29,10,29,34,"Fri","Apr","Fri",14.1525,70.54101005,0.5238134,"2022-04-29"
"373419",373419,373419,529675,"20220429_102425_L15670","2022-04-29 10:29:42",-6.29589070706834,53.3481480528291,90120,3120,960,480,420,120,"[-6.29589070706834,53.3481480528291]","[-6.29490683748573,53.3480998684798],[-6.29502493469934,53.3481066409737],[-6.2951587873256,53.3481140379035],[-6.29530545389185,53.3481213219886],[-6.29545339784782,53.3481282744539],[-6.29560272731117,53.3481353868661],[-6.29575128704017,53.348142395746],[-6.29589070706834,53.3481480528291]",70.9545,4.2065,36.181,31.175,0.4015,440.413,15.4470819042253,90060,3690,1140,600,390,210,2022,4,29,10,29,42,"Fri","Apr","Fri",143.7454125,72.2064217,0.4601993,"2022-04-29"
"373420",373420,373420,529676,"20220429_102425_L15670","2022-04-29 10:29:50",-6.29711339920723,53.3481924229386,87720,4500,1500,660,240,240,"[-6.29711339920723,53.3481924229386]","[-6.29601517317168,53.3481522726921],[-6.29611907340857,53.3481560295048],[-6.29622250567197,53.3481598348734],[-6.29636151436836,53.3481646263338],[-6.29652917935585,53.3481711212352],[-6.29671262351236,53.3481786563794],[-6.29690964988677,53.3481859852423],[-6.29711339920723,53.3481924229386]",177.8845,13.98,30.952,32.399,0.394,442.663,16.3415123544692,93930,3870,1260,660,360,300,2022,4,29,10,29,50,"Fri","Apr","Fri",366.94085625,61.7709064,0.4516028,"2022-04-29"
"373421",373421,373421,529677,"20220429_102425_L15670","2022-04-29 10:29:58",-6.29882282677345,53.348231324469,88740,4740,780,540,540,300,"[-6.29882282677345,53.348231324469]","[-6.29731717236781,53.3481977493744],[-6.29752712763411,53.3482029200967],[-6.29774116481824,53.3482085481929],[-6.29795653775725,53.3482140451318],[-6.29817283989217,53.348218917277],[-6.298388611495,53.3482234108574],[-6.29860424575648,53.3482275186287],[-6.29882282677345,53.348231324469]",13.56,16.97,27.059,32.399,0.748,447.0375,18.6732372258637,97260,4740,1260,480,330,450,2022,4,29,10,29,58,"Fri","Apr","Fri",58.388625,54.0016463,0.8573576,"2022-04-29"
"373422",373422,373422,529678,"20220429_102425_L15670","2022-04-29 10:30:06",-6.30064867730917,53.3482669849619,89460,3060,960,600,540,540,"[-6.30064867730917,53.3482669849619]","[-6.29904461812353,53.3482357895932],[-6.29926977572202,53.3482404301949],[-6.29949754743008,53.3482454960468],[-6.29972601950014,53.3482506254721],[-6.29995412869279,53.3482557818662],[-6.30018191642419,53.3482605119403],[-6.30041185120485,53.3482640252234],[-6.30064867730917,53.3482669849619]",4.8,10.87,26.725,29.3395,0.6335,436.8425,16.0918634679369,88800,3120,1140,690,480,300,2022,4,29,10,30,6,"Fri","Apr","Fri",29.968875,53.3350825,0.7261177,"2022-04-29"
"373423",373423,373423,529679,"20220429_102425_L15670","2022-04-29 10:30:14",-6.30255513283286,53.3483017496164,86580,3240,1800,540,480,180,"[-6.30255513283286,53.3483017496164]","[-6.30088977533008,53.3482703428728],[-6.30113096698777,53.3482743874409],[-6.30136923397343,53.348278874871],[-6.30160663402696,53.348283645825],[-6.30184543130907,53.3482882960695],[-6.30208257425595,53.348292927027],[-6.30231772195151,53.3482974135202],[-6.30255513283286,53.3483017496164]",4.8,11.394,29.506,28.394,0.5105,433.074,15.5033519629435,86100,3240,1140,570,450,300,2022,4,29,10,30,14,"Fri","Apr","Fri",30.971025,58.8851242,0.5851351,"2022-04-29"
"373424",373424,373424,529680,"20220429_102425_L15670","2022-04-29 10:30:22",-6.30450702299788,53.3483305553614,86160,3240,1320,360,480,360,"[-6.30450702299788,53.3483305553614]","[-6.30280270289971,53.348305834728],[-6.30305394813968,53.3483098431503],[-6.30330414235095,53.3483136121982],[-6.30355012847842,53.3483173982842],[-6.30379123651531,53.3483210440759],[-6.30402812102444,53.3483249028367],[-6.30426707239993,53.3483278413081],[-6.30450702299788,53.3483305553614]",4.8,10.976,33.845,28.394,0.5295,435.1265,15.6710362247332,85410,3390,1200,570,480,270,2022,4,29,10,30,22,"Fri","Apr","Fri",30.1716,67.5444665,0.6069129,"2022-04-29"
"373425",373425,373425,529684,"20220429_102425_L15670","2022-04-29 10:30:54",-6.30827839633406,53.3468036342314,81660,3540,1140,600,240,360,"[-6.30827839633406,53.3468036342314]","[-6.30831360369173,53.3476100129039],[-6.30830991037664,53.3474895101281],[-6.308305564124,53.3473743257212],[-6.30830036136514,53.3472614224503],[-6.30829422675808,53.3471504432886],[-6.30829062430982,53.3470385210313],[-6.30828505958322,53.34692210965],[-6.30827839633406,53.3468036342314]",8.016,6.016,29.284,29.84,0.799,446.101,16.1301483737287,84720,3360,1020,660,360,360,2022,4,29,10,30,54,"Fri","Apr","Fri",26.8362,58.4420788,0.9158138,"2022-04-29"
"373426",373426,373426,529685,"20220429_102425_L15670","2022-04-29 10:31:02",-6.30820911726166,53.3458372161799,86640,3780,1020,960,360,300,"[-6.30820911726166,53.3458372161799]","[-6.30827128716289,53.3466779465884],[-6.30826483232751,53.3465459371188],[-6.30825782061501,53.3464200725663],[-6.3082494802463,53.3462992248869],[-6.30824012677726,53.3461809414943],[-6.30823044495296,53.3460680029461],[-6.30822030647634,53.3459532405906],[-6.30820911726166,53.3458372161799]",32.511,5.847,29.395,29.395,0.69,442.62,17.1834356153156,84030,3990,1290,780,510,300,2022,4,29,10,31,2,"Fri","Apr","Fri",73.359675,58.6636015,0.790878,"2022-04-29"
"373427",373427,373427,529686,"20220429_102425_L15670","2022-04-29 10:31:10",-6.30809168170023,53.3447674834946,81960,3540,780,660,420,180,"[-6.30809168170023,53.3447674834946]","[-6.30819611605803,53.3457205307694],[-6.30818138189982,53.3455970735749],[-6.3081658261361,53.3454697486094],[-6.30815076079001,53.345340780821],[-6.30813612553093,53.3452048738631],[-6.30812125263121,53.3450564867522],[-6.30810646305013,53.3449082004559],[-6.30809168170023,53.3447674834946]",15.206,2.6,34.623,29.395,0.5995,440.7325,16.8785895484768,87630,3570,1170,780,510,300,2022,4,29,10,31,10,"Fri","Apr","Fri",34.053975,69.0971211,0.6871469,"2022-04-29"
"373428",373428,373428,529687,"20220429_102425_L15670","2022-04-29 10:31:18",-6.30799655734736,53.3438792325583,84000,2400,1380,600,240,60,"[-6.30799655734736,53.3438792325583]","[-6.3080772404143,53.3446365598542],[-6.3080635111182,53.3445191104656],[-6.30805144063759,53.3444205439044],[-6.3080403268445,53.3443231561768],[-6.30802776943243,53.3442091462249],[-6.30801577574191,53.3440927746743],[-6.30800586001415,53.3439817675834],[-6.30799655734736,53.3438792325583]",4.8,2.6,35.068,30.9525,0.553,439.232,15.8716185595908,86220,2760,1320,600,480,270,2022,4,29,10,31,18,"Fri","Apr","Fri",14.1525,69.9852076,0.6338486,"2022-04-29"
"373429",373429,373429,529688,"20220429_102425_L15670","2022-04-29 10:31:26",-6.30790227184635,53.3429954024234,87660,3540,1080,360,120,420,"[-6.30790227184635,53.3429954024234]","[-6.30798470324278,53.3437846736177],[-6.30797225208012,53.3436962765095],[-6.30796004155472,53.3436085786639],[-6.30794617986661,53.3435142110785],[-6.30792812142355,53.3434002284804],[-6.30791160396958,53.3432725620304],[-6.30790476777045,53.3431401319794],[-6.30790227184635,53.3429954024234]",4.8,10.062,32.2315,33.066,0.4505,436.5065,15.6819801357727,85980,3390,1080,630,390,330,2022,4,29,10,31,26,"Fri","Apr","Fri",28.423575,64.32440455,0.5163631,"2022-04-29"
"373430",373430,373430,529689,"20220429_102425_L15670","2022-04-29 10:31:34",-6.30787363783726,53.3422073227977,86040,2880,840,420,300,180,"[-6.30787363783726,53.3422073227977]","[-6.30790000124856,53.3428385463614],[-6.3078969470248,53.3426886331266],[-6.30789259737552,53.3425542315569],[-6.30788738881234,53.3424427562223],[-6.30788254489348,53.3423507182687],[-6.30787808936857,53.3422833132094],[-6.3078754543765,53.3422384714001],[-6.30787363783726,53.3422073227977]",4.8,4.2045,31.731,33.066,0.376,436.4625,15.2368157715069,86520,3030,1140,510,300,330,2022,4,29,10,31,34,"Fri","Apr","Fri",17.22110625,63.3255567,0.4309712,"2022-04-29"
"373431",373431,373431,529690,"20220429_102425_L15670","2022-04-29 10:31:42",-6.30787216047823,53.3421675203725,87300,2700,1380,960,540,420,"[-6.30787216047823,53.3421675203725]","[-6.30787247306978,53.3421876584563],[-6.30787230796633,53.3421772194823],[-6.30787224411948,53.3421712781047],[-6.30787212203826,53.3421685073647],[-6.30787215775465,53.3421675620496],[-6.30787216282068,53.3421675105444],[-6.30787216047823,53.3421675203725],[-6.30787216047823,53.3421675203725]",12.5595,6.598,32.51,32.51,0.323,426.118,16.75040969974,87480,3120,1140,660,270,390,2022,4,29,10,31,42,"Fri","Apr","Fri",36.63871875,64.880207,0.3702226,"2022-04-29"
"373432",373432,373432,529691,"20220429_102425_L15670","2022-04-29 10:31:50",-6.30787216047823,53.3421675203725,96900,3720,1140,720,540,180,"[-6.30787216047823,53.3421675203725]","[-6.30787216047823,53.3421675203725],[-6.30787216047823,53.3421675203725],[-6.30787216047823,53.3421675203725],[-6.30787216047823,53.3421675203725],[-6.30787216047823,53.3421675203725],[-6.30787216047823,53.3421675203725],[-6.30787216047823,53.3421675203725],[-6.30787216047823,53.3421675203725]",10.497,4.49,33.4,32.51,0.3065,431.018,19.5937872118231,94620,3960,1380,930,570,420,2022,4,29,10,31,50,"Fri","Apr","Fri",28.6626375,66.65638,0.3513103,"2022-04-29"
"373433",373433,373433,529692,"20220429_102425_L15670","2022-04-29 10:31:58",-6.30787216047823,53.3421675203725,94260,3060,900,900,300,420,"[-6.30787216047823,53.3421675203725]","[-6.30787216047823,53.3421675203725],[-6.30787216047823,53.3421675203725],[-6.30787216047823,53.3421675203725],[-6.30787216047823,53.3421675203725],[-6.30787216047823,53.3421675203725],[-6.30787216047823,53.3421675203725],[-6.30787216047823,53.3421675203725],[-6.30787216047823,53.3421675203725]",25.537,12.026,35.068,32.6765,0.291,435.9145,18.3941844289975,94560,3930,1110,690,540,420,2022,4,29,10,31,58,"Fri","Apr","Fri",71.8392375,69.9852076,0.3335442,"2022-04-29"
"373434",373434,373434,529693,"20220429_102425_L15670","2022-04-29 10:32:06",-6.30787216047823,53.3421675203725,86400,4440,900,780,480,540,"[-6.30787216047823,53.3421675203725]","[-6.30787216047823,53.3421675203725],[-6.30787216047823,53.3421675203725],[-6.30787216047823,53.3421675203725],[-6.30787216047823,53.3421675203725],[-6.30787216047823,53.3421675203725],[-6.30787216047823,53.3421675203725],[-6.30787216047823,53.3421675203725],[-6.30787216047823,53.3421675203725]",42.7765,17.76,28.283,32.6765,0.285,445.178,17.852004824342,94020,4170,1200,630,450,360,2022,4,29,10,32,6,"Fri","Apr","Fri",115.77605625,56.4443831,0.326667,"2022-04-29"
"373435",373435,373435,529694,"20220429_102425_L15670","2022-04-29 10:32:14",-6.30787216047823,53.3421675203725,90360,3600,1920,1200,360,360,"[-6.30787216047823,53.3421675203725]","[-6.30787216047823,53.3421675203725],[-6.30787216047823,53.3421675203725],[-6.30787216047823,53.3421675203725],[-6.30787216047823,53.3421675203725],[-6.30787216047823,53.3421675203725],[-6.30787216047823,53.3421675203725],[-6.30787216047823,53.3421675203725],[-6.30787216047823,53.3421675203725]",24.117,22.33,23.722,31.62,0.292,450.6375,22.1942097276948,91650,4050,1800,720,630,540,2022,4,29,10,32,14,"Fri","Apr","Fri",88.8298875,47.3419954,0.3346904,"2022-04-29"
"373436",373436,373436,529695,"20220429_102425_L15670","2022-04-29 10:32:22",-6.30840455036496,53.3420747070993,89160,3240,1080,960,360,480,"[-6.30840455036496,53.3420747070993]","[-6.30787216863778,53.3421675092761],[-6.30787216598742,53.3421647951816],[-6.30787388570012,53.3421514747621],[-6.30790091199204,53.3421254967903],[-6.30797571689639,53.3421036868484],[-6.30810246621111,53.342084545405],[-6.30825600177458,53.3420752331279],[-6.30840455036496,53.3420747070993]",4.8,15.4515,23.722,25.613,0.3185,441.6095,18.2659188568269,93090,4320,1410,840,540,330,2022,4,29,10,32,22,"Fri","Apr","Fri",38.73099375,47.3419954,0.3650647,"2022-04-29"
"373437",373437,373437,529696,"20220429_102425_L15670","2022-04-29 10:32:30",-6.30937185392318,53.3421345113368,81000,2880,1200,420,300,360,"[-6.30937185392318,53.3421345113368]","[-6.30854100112637,53.3420787221412],[-6.3086735874459,53.3420853456292],[-6.30879809377115,53.3420936192435],[-6.3089159409614,53.3421026260679],[-6.30903322638277,53.3421111214145],[-6.30914268147832,53.3421187475175],[-6.30925635785095,53.3421267523613],[-6.30937185392318,53.3421345113368]",4.8,7.983,28.172,25.613,0.2895,440.019,14.80674050237,85980,2910,1140,480,390,330,2022,4,29,10,32,30,"Fri","Apr","Fri",24.4474875,56.2228604,0.3318249,"2022-04-29"
"373438",373438,373438,529697,"20220429_102425_L15670","2022-04-29 10:32:38",-6.31044953315223,53.3422024366256,86160,3000,720,420,180,360,"[-6.31044953315223,53.3422024366256]","[-6.30948718171274,53.342142395052],[-6.30960472196867,53.3421505518295],[-6.30973110918168,53.342159452223],[-6.30986966538595,53.3421688197237],[-6.31001141956522,53.3421787925018],[-6.31015538625467,53.3421876690141],[-6.31030071774392,53.3421952864037],[-6.31044953315223,53.3422024366256]",4.8,2.6,33.288,26.058,0.272,444.318,14.3793162402686,84150,3270,1020,540,360,330,2022,4,29,10,32,38,"Fri","Apr","Fri",14.1525,66.4328616,0.3117664,"2022-04-29"
"373439",373439,373439,529698,"20220429_102425_L15670","2022-04-29 10:32:46",-6.31178142216028,53.3422823442175,87180,4080,1200,540,480,300,"[-6.31178142216028,53.3422823442175]","[-6.31060828698343,53.3422114695445],[-6.31076805936948,53.3422210804188],[-6.31093500417977,53.3422319024528],[-6.31110103459703,53.3422434166939],[-6.31126478919699,53.3422538151494],[-6.31143477499203,53.3422629364364],[-6.31160827006377,53.3422712408722],[-6.31178142216028,53.3422823442175]",4.8,2.6,35.291,31.064,0.264,443.234,15.9151786880042,87150,3480,1320,600,540,270,2022,4,29,10,32,46,"Fri","Apr","Fri",14.1525,70.4302487,0.3025968,"2022-04-29"
"373440",373440,373440,529699,"20220429_102425_L15670","2022-04-29 10:32:54",-6.31317802751228,53.3423760924113,81660,3300,1200,720,480,600,"[-6.31317802751228,53.3423760924113]","[-6.31196018883502,53.3422988236133],[-6.31213862924275,53.3423163696643],[-6.31231392351593,53.3423335404331],[-6.31248497038731,53.3423494205421],[-6.31265394555014,53.3423633996969],[-6.31282804646142,53.3423729438161],[-6.31300423451533,53.3423759369866],[-6.31317802751228,53.3423760924113]",4.8,2.6,34.735,34.29,0.266,435.583,16.5020670665447,81180,3750,1230,720,420,420,2022,4,29,10,32,54,"Fri","Apr","Fri",14.1525,69.3206395,0.3048892,"2022-04-29"
"373441",373441,373441,529700,"20220429_102425_L15670","2022-04-29 10:33:02",-6.31456408916142,53.3421830167605,80100,3240,1620,540,420,420,"[-6.31456408916142,53.3421830167605]","[-6.31335643921785,53.3423750992648],[-6.31353542763874,53.3423707433682],[-6.31371007894975,53.3423553693046],[-6.31388293415126,53.3423325573494],[-6.31404894476644,53.3423048920513],[-6.31421602975932,53.3422686861315],[-6.31438491506858,53.3422277437271],[-6.31456408916142,53.3421830167605]",4.8,2.6,35.291,35.068,0.259,435.1445,13.581289868753,78960,3330,1050,540,450,180,2022,4,29,10,33,2,"Fri","Apr","Fri",14.1525,70.4302487,0.2968658,"2022-04-29"
"373442",373442,373442,529701,"20220429_102425_L15670","2022-04-29 10:33:10",-6.31599426668503,53.341944645763,89340,3240,1380,900,480,240,"[-6.31599426668503,53.341944645763]","[-6.3147472123382,53.3421393961006],[-6.3149318944363,53.3420982586798],[-6.31511671630131,53.3420621370527],[-6.31530318441458,53.3420315949494],[-6.31548499426144,53.3420062992407],[-6.31565761670609,53.3419842392306],[-6.31582466664605,53.3419639078693],[-6.31599426668503,53.341944645763]",4.8,2.6,36.403,35.291,0.246,437.8315,16.134746340208,84390,3630,1320,750,480,300,2022,4,29,10,33,10,"Fri","Apr","Fri",14.1525,72.6494671,0.2819652,"2022-04-29"
"373443",373443,373443,529702,"20220429_102425_L15670","2022-04-29 10:33:18",-6.31678017497963,53.3422099073544,82080,4020,1080,540,540,120,"[-6.31678017497963,53.3422099073544]","[-6.31616454511511,53.341928151502],[-6.31632610718603,53.3419172541548],[-6.31647314760778,53.3419173550919],[-6.31659607974937,53.3419388698518],[-6.31668552150449,53.3419908820911],[-6.31673518189293,53.3420630188059],[-6.31676252642309,53.3421383238954],[-6.31678017497963,53.3422099073544]",17.787,2.6,37.9045,35.402,0.2605,431.355,17.5828475603259,88020,3780,1260,600,480,390,2022,4,29,10,33,18,"Fri","Apr","Fri",38.9901375,75.64601065,0.2985851,"2022-04-29"
"373444",373444,373444,529703,"20220429_102425_L15670","2022-04-29 10:33:26",-6.31683820961273,53.3425620047035,88860,2700,600,780,420,180,"[-6.31683820961273,53.3425620047035]","[-6.31679363344086,53.3422766657499],[-6.31680437936309,53.3423395748867],[-6.3168143709572,53.342400561774],[-6.31682311688726,53.3424531653415],[-6.31682934747451,53.3424947196925],[-6.31683345708028,53.3425251643358],[-6.31683617771456,53.342547075371],[-6.31683820961273,53.3425620047035]",4.8,2.6,36.626,36.403,0.272,435.7015,14.6221520138897,87060,3540,1200,630,420,210,2022,4,29,10,33,26,"Fri","Apr","Fri",14.1525,73.0945082,0.3117664,"2022-04-29"
"373445",373445,373445,529706,"20220429_102425_L15670","2022-04-29 10:33:50",-6.31683992241351,53.3425766924802,87360,3000,1020,420,480,60,"[-6.31683992241351,53.3425766924802]","[-6.31683992241351,53.3425766924802],[-6.31683992241351,53.3425766924802],[-6.31683992241351,53.3425766924802],[-6.31683992241351,53.3425766924802],[-6.31683992241351,53.3425766924802],[-6.31683992241351,53.3425766924802],[-6.31683992241351,53.3425766924802],[-6.31683992241351,53.3425766924802]",4.8,15.2635,39.406,37.5155,0.249,422.661,14.5149313561623,87030,3630,1290,390,450,270,2022,4,29,10,33,50,"Fri","Apr","Fri",38.37144375,78.6425542,0.2854038,"2022-04-29"
"373446",373446,373446,529707,"20220429_102425_L15670","2022-04-29 10:33:58",-6.31685355292463,53.3426603561409,87300,3000,1800,780,360,420,"[-6.31685355292463,53.3426603561409]","[-6.31683992241351,53.3425766924802],[-6.31683992241351,53.3425766924802],[-6.31683991431567,53.3425767114463],[-6.3168407551832,53.3425826004847],[-6.31684251405881,53.3425958123996],[-6.316845301056,53.3426137875034],[-6.31684903609068,53.3426353959147],[-6.31685355292463,53.3426603561409]",75.6285,19.729,36.403,37.7935,0.242,423.783,17.0361654097738,87030,3120,1230,570,420,360,2022,4,29,10,33,58,"Fri","Apr","Fri",182.37121875,72.6494671,0.2773804,"2022-04-29"
"373447",373447,373447,529708,"20220429_102425_L15670","2022-04-29 10:34:06",-6.31720320995532,53.3428673516725,82560,2880,780,300,420,180,"[-6.31720320995532,53.3428673516725]","[-6.31685914530879,53.3426918392914],[-6.31686492011726,53.3427272653347],[-6.31687141369382,53.3427657632604],[-6.31688180522561,53.3428077247593],[-6.31691351277388,53.3428454799034],[-6.31697951912402,53.3428695171503],[-6.31707864401951,53.3428747730085],[-6.31720320995532,53.3428673516725]",67.766,24.4875,28.172,36.737,0.2615,449.6,13.1091358240941,82080,3210,1140,510,450,180,2022,4,29,10,34,6,"Fri","Apr","Fri",176.43481875,56.2228604,0.2997313,"2022-04-29"
"373448",373448,373448,529709,"20220429_102425_L15670","2022-04-29 10:34:14",-6.31856593779341,53.3427903278766,78960,3480,1260,720,420,240,"[-6.31856593779341,53.3427903278766]","[-6.31734355331945,53.3428576725644],[-6.31749390568393,53.3428467706106],[-6.31765844406013,53.342834682257],[-6.31782999160047,53.3428230335017],[-6.31800510538858,53.3428127092369],[-6.3181862223596,53.3428045752716],[-6.31837328979442,53.3427970852636],[-6.31856593779341,53.3427903278766]",44.5805,21.432,21.052,31.0085,0.268,447.4465,15.172384822462,84870,3480,1080,600,390,300,2022,4,29,10,34,14,"Fri","Apr","Fri",126.24890625,42.0134764,0.3071816,"2022-04-29"
"373449",373449,373449,529710,"20220429_102425_L15670","2022-04-29 10:34:22",-6.32021863105917,53.3426867809662,87000,3780,780,360,360,300,"[-6.32021863105917,53.3426867809662]","[-6.31876236764436,53.3427819307281],[-6.31896305611532,53.3427716711224],[-6.31916783370956,53.3427595011276],[-6.31937604002767,53.342745798448],[-6.31958654830632,53.342731370369],[-6.31979720259297,53.3427169765651],[-6.32000793601344,53.3427022451066],[-6.32021863105917,53.3426867809662]",4.8,22.075,18.9385,26.281,0.2855,439.756,14.7196604663222,84030,3330,1080,480,390,270,2022,4,29,10,34,22,"Fri","Apr","Fri",51.3984375,37.79556445,0.3272401,"2022-04-29"
"373450",373450,373450,529711,"20220429_102425_L15670","2022-04-29 10:34:30",-6.32190418699016,53.3424896448767,84180,3420,1200,960,300,360,"[-6.32190418699016,53.3424896448767]","[-6.32042937578005,53.342669967117],[-6.32063998220227,53.3426507645947],[-6.32085050299762,53.3426281493585],[-6.32106129512506,53.3426029723113],[-6.32127203974937,53.3425760135847],[-6.32148278725266,53.3425477591371],[-6.32169367232047,53.3425188865774],[-6.32190418699016,53.3424896448767]",4.8,18.072,21.609,21.609,0.259,436.34,16.6190140012877,85500,3060,1200,600,360,330,2022,4,29,10,34,30,"Fri","Apr","Fri",43.7427,43.1250813,0.2968658,"2022-04-29"
"373451",373451,373451,529712,"20220429_102425_L15670","2022-04-29 10:34:38",-6.32357983041866,53.3422547236521,91260,3120,1200,720,360,540,"[-6.32357983041866,53.3422547236521]","[-6.3221142140531,53.3424603719453],[-6.32232408198222,53.3424311880859],[-6.3225341929,53.342402018993],[-6.32274398416309,53.3423728975302],[-6.3229539256954,53.3423435196385],[-6.3231633166451,53.3423137254198],[-6.32337224855943,53.3422841446989],[-6.32357983041866,53.3422547236521]",4.8,5.848,27.727,21.609,0.2575,430.874,15.3070328715276,86010,3510,1110,630,420,270,2022,4,29,10,34,38,"Fri","Apr","Fri",20.3643,55.3347739,0.2951465,"2022-04-29"
"373452",373452,373452,529713,"20220429_102425_L15670","2022-04-29 10:34:46",-6.32518495087664,53.3420685962251,91140,3180,1440,480,300,180,"[-6.32518495087664,53.3420685962251]","[-6.32378551528459,53.3422253795987],[-6.32398924872399,53.3421963755097],[-6.32419145845775,53.3421681708092],[-6.32439233729068,53.3421420243755],[-6.32459189750927,53.3421193760155],[-6.32479078998232,53.3421006014544],[-6.32498817175149,53.34208327684],[-6.32518495087664,53.3420685962251]",4.8,2.6,34.29,25.391,0.253,424.052,17.4722819585233,90240,3330,1230,660,390,420,2022,4,29,10,34,46,"Fri","Apr","Fri",14.1525,68.432553,0.2899886,"2022-04-29"
"373453",373453,373453,529714,"20220429_102425_L15670","2022-04-29 10:34:54",-6.32689226265244,53.3420581991576,90060,3780,1560,780,480,600,"[-6.32689226265244,53.3420581991576]","[-6.32538837188052,53.3420557235039],[-6.3255976747474,53.3420458963201],[-6.32580973486759,53.3420412020629],[-6.32602156252796,53.3420384872456],[-6.32623288757055,53.3420390082541],[-6.32644709110162,53.3420432258151],[-6.32666915216523,53.3420495083423],[-6.32689226265244,53.3420581991576]",4.8,2.6,38.739,32.287,0.2375,421.632,19.6994670004718,90060,3750,1290,780,450,510,2022,4,29,10,34,54,"Fri","Apr","Fri",14.1525,77.3114223,0.2722225,"2022-04-29"
"373454",373454,373454,529715,"20220429_102425_L15670","2022-04-29 10:35:02",-6.32831313445058,53.3421316096965,100560,4620,1620,1140,540,540,"[-6.32831313445058,53.3421316096965]","[-6.32711428907113,53.3420679304194],[-6.32733453259983,53.3420787017837],[-6.32755380162196,53.3420890737336],[-6.32776117171714,53.3420983027994],[-6.32794304858494,53.3421073258972],[-6.32809289206433,53.3421163091131],[-6.3282150415491,53.3421241569908],[-6.32831313445058,53.3421316096965]",18.258,7.86,38.183,35.958,0.272,420.97,17.8810229585118,95460,3810,1200,690,450,420,2022,4,29,10,35,2,"Fri","Apr","Fri",49.950675,76.2018131,0.3117664,"2022-04-29"
"373455",373455,373455,529716,"20220429_102425_L15670","2022-04-29 10:35:10",-6.32845830426787,53.3421430259484,99240,3900,1380,660,120,180,"[-6.32845830426787,53.3421430259484]","[-6.32838499933134,53.3421373411815],[-6.32843093009006,53.3421409590552],[-6.32845363008459,53.3421426646389],[-6.32845840908866,53.342143034006],[-6.32845846592479,53.3421430378458],[-6.32845833872382,53.3421430283703],[-6.32845830426787,53.3421430259484],[-6.32845830426787,53.3421430259484]",4.8,2.6,34.401,36.236,0.266,422.5865,16.3343439919674,100800,3930,1290,720,420,240,2022,4,29,10,35,10,"Fri","Apr","Fri",14.1525,68.6540757,0.3048892,"2022-04-29"
"373456",373456,373456,529717,"20220429_102425_L15670","2022-04-29 10:35:18",-6.32856618699526,53.3421508994386,93960,2940,1260,600,780,540,"[-6.32856618699526,53.3421508994386]","[-6.32845830426787,53.3421430259484],[-6.32845830426787,53.3421430259484],[-6.32845830426787,53.3421430259484],[-6.32845830426787,53.3421430259484],[-6.32845830426787,53.3421430259484],[-6.32845836234269,53.3421430350623],[-6.32848142745891,53.3421447618231],[-6.32856618699526,53.3421508994386]",4.8,4.5985,32.9545,36.848,0.2575,420.529,17.2307826095902,95250,3540,1170,630,450,390,2022,4,29,10,35,18,"Fri","Apr","Fri",17.97463125,65.76729565,0.2951465,"2022-04-29"
"373457",373457,373457,529718,"20220429_102425_L15670","2022-04-29 10:35:26",-6.3299168612736,53.3422696881239,103080,3420,1200,780,180,120,"[-6.3299168612736,53.3422696881239]","[-6.32870434369606,53.3421610050944],[-6.32886784355099,53.3421737248375],[-6.32904302260945,53.3421883189304],[-6.32922359369521,53.3422029539673],[-6.32940152803544,53.3422184680942],[-6.32957290207871,53.3422337512309],[-6.32974181132338,53.342249895876],[-6.3299168612736,53.3422696881239]",33.205,14.754,30.174,34.178,0.277,425.9825,17.775855111622,100680,3900,1170,630,420,390,2022,4,29,10,35,26,"Fri","Apr","Fri",91.7215875,60.2182518,0.3174974,"2022-04-29"
"373458",373458,373458,529720,"20220429_102425_L15670","2022-04-29 10:35:42",-6.33288570369062,53.3428991422677,91860,3480,1320,720,360,240,"[-6.33288570369062,53.3428991422677]","[-6.33145449358468,53.3425698902709],[-6.33164132174881,53.3426136723435],[-6.33184428252916,53.3426591000946],[-6.33205498234387,53.3427055889631],[-6.33226425870939,53.3427531064932],[-6.33247034559647,53.3428010849998],[-6.33267810482197,53.3428504759524],[-6.33288570369062,53.3428991422677]",4.8,18.769,27.059,29.506,0.2835,427.02,20.2417606328949,93600,3810,1290,690,630,420,2022,4,29,10,35,42,"Fri","Apr","Fri",45.0757125,54.0016463,0.3249477,"2022-04-29"
"373459",373459,373459,529721,"20220429_102425_L15670","2022-04-29 10:35:50",-6.33453330698474,53.3432253501368,94920,4020,1200,720,480,660,"[-6.33453330698474,53.3432253501368]","[-6.33309142752156,53.3429467625519],[-6.33330011099526,53.3429940838131],[-6.33350757945687,53.3430410174935],[-6.33371254219677,53.3430867690271],[-6.33391454224514,53.3431300186083],[-6.33411651803899,53.3431673935293],[-6.33432162479361,53.3431985438306],[-6.33453330698474,53.3432253501368]",4.8,14.6775,25.947,27.504,0.2755,424.72,18.980181881803,94830,3900,1290,720,480,450,2022,4,29,10,35,50,"Fri","Apr","Fri",37.25071875,51.7824279,0.3157781,"2022-04-29"
"373460",373460,373460,529722,"20220429_102425_L15670","2022-04-29 10:35:58",-6.33625271105315,53.3432364518438,93240,3900,1440,720,240,240,"[-6.33625271105315,53.3432364518438]","[-6.3347436959115,53.3432497753509],[-6.33495369471992,53.3432717513536],[-6.33516464290748,53.3432868938242],[-6.33537721411132,53.3432941997174],[-6.33559787805124,53.3432919901739],[-6.33581865071411,53.3432796910437],[-6.33603588845647,53.3432613199345],[-6.33625271105315,53.3432364518438]",4.8,10.165,29.173,27.504,0.277,423.3365,17.4717642270236,96330,3690,1440,720,480,300,2022,4,29,10,35,58,"Fri","Apr","Fri",28.6205625,58.2205561,0.3174974,"2022-04-29"
"373461",373461,373461,529723,"20220429_102425_L15670","2022-04-29 10:36:06",-6.33785341248727,53.3428687764628,94320,3360,1080,960,660,360,"[-6.33785341248727,53.3428687764628]","[-6.33646497395064,53.3432059752054],[-6.3366771294598,53.3431705516331],[-6.3368843510616,53.3431303278181],[-6.33708400364119,53.3430862661061],[-6.33728253221173,53.3430393287004],[-6.33747985355404,53.3429874784773],[-6.33767417419426,53.3429291618803],[-6.33785341248727,53.3428687764628]",4.8,6.0295,31.397,27.8375,0.2795,421.708,18.8296086837642,93660,3600,1140,780,420,420,2022,4,29,10,36,6,"Fri","Apr","Fri",20.71141875,62.6589929,0.3203629,"2022-04-29"
"373462",373462,373462,529724,"20220429_102425_L15670","2022-04-29 10:36:14",-6.33857278573847,53.3425636634641,97800,2940,1080,840,480,540,"[-6.33857278573847,53.3425636634641]","[-6.33800861366941,53.3428121415609],[-6.33814382046621,53.3427590600996],[-6.33826041374205,53.3427102428065],[-6.3383587900517,53.3426666101566],[-6.33843863281355,53.3426292663225],[-6.33850074362732,53.3425991058957],[-6.33854554590984,53.342577007416],[-6.33857278573847,53.3425636634641]",4.8,2.6,34.1225,30.063,0.277,421.2045,16.8731310205332,93510,3240,1080,630,390,360,2022,4,29,10,36,14,"Fri","Apr","Fri",14.1525,68.09827325,0.3174974,"2022-04-29"
"373463",373463,373463,529725,"20220429_102425_L15670","2022-04-29 10:36:22",-6.3388719755215,53.3424183424033,95400,4740,1440,420,660,480,"[-6.3388719755215,53.3424183424033]","[-6.33858233419714,53.3425589790626],[-6.33858286376041,53.34255870843],[-6.33858296082772,53.3425586613791],[-6.33858433577684,53.3425579795247],[-6.33861044847892,53.3425440482663],[-6.33867861517937,53.3425076601666],[-6.33876962659729,53.3424634905722],[-6.3388719755215,53.3424183424033]",4.8,2.6,35.847,32.287,0.289,425.056,17.5704095037322,92820,3690,1020,570,630,330,2022,4,29,10,36,22,"Fri","Apr","Fri",14.1525,71.5398579,0.3312518,"2022-04-29"
"373464",373464,373464,529729,"20220429_102425_L15670","2022-04-29 10:36:54",-6.34449033330243,53.3423744666352,97260,5880,1620,1020,540,420,"[-6.34449033330243,53.3423744666352]","[-6.34333570490219,53.3420812042093],[-6.34350536643021,53.3421317041337],[-6.34367712587879,53.3421817928864],[-6.34384766904335,53.3422286814183],[-6.34401378810137,53.342272154982],[-6.34417556465129,53.3423113749058],[-6.34433453344302,53.3423457905881],[-6.34449033330243,53.3423744666352]",4.8,10.616,29.84,32.2875,0.26,434.8465,17.69107123484,90090,3660,1500,690,420,360,2022,4,29,10,36,54,"Fri","Apr","Fri",29.4831,59.551688,0.298012,"2022-04-29"
"373465",373465,373465,529730,"20220429_102425_L15670","2022-04-29 10:37:02",-6.34547782601116,53.3424765328329,99600,3300,1320,1020,420,300,"[-6.34547782601116,53.3424765328329]","[-6.34464185989755,53.34239435883],[-6.3447669608569,53.342405589053],[-6.34486289171248,53.3424129733481],[-6.34493508939615,53.3424193903799],[-6.34500917108125,53.3424285761679],[-6.34512536310366,53.3424451060802],[-6.34528860722972,53.3424626516072],[-6.34547782601116,53.3424765328329]",4.8,7.3175,31.064,31.008,0.252,425.753,17.8129928927174,92700,3810,1350,870,570,270,2022,4,29,10,37,2,"Fri","Apr","Fri",23.17471875,61.9944248,0.2888424,"2022-04-29"
"373466",373466,373466,529731,"20220429_102425_L15670","2022-04-29 10:37:10",-6.34725987727995,53.3424248186093,93180,3480,1680,600,720,540,"[-6.34725987727995,53.3424248186093]","[-6.34568051489827,53.3424865955613],[-6.3458914428246,53.3424894724222],[-6.34611299857626,53.3424840490011],[-6.34634438994217,53.3424742731122],[-6.34657551718432,53.3424618799905],[-6.34680321964057,53.3424488232202],[-6.34702789389289,53.3424373983114],[-6.34725987727995,53.3424248186093]",35.511,10.3215,28.3385,29.84,0.26,425.7125,19.0609203832726,94290,3450,1680,660,480,450,2022,4,29,10,37,10,"Fri","Apr","Fri",87.65465625,56.55514445,0.298012,"2022-04-29"
"373467",373467,373467,529732,"20220429_102425_L15670","2022-04-29 10:37:18",-6.34832894372524,53.3423157029285,100920,3240,1380,540,480,360,"[-6.34832894372524,53.3423157029285]","[-6.34748044573017,53.3424118865035],[-6.34767145233015,53.3424001524437],[-6.34783075556188,53.3423897684106],[-6.34796494080335,53.3423797129376],[-6.34807020220999,53.3423695167369],[-6.34815314813915,53.3423594688125],[-6.34823022665296,53.3423472292213],[-6.34832894372524,53.3423157029285]",61.9035,13.847,28.283,28.95,0.266,426.3685,17.9083239575754,94560,3780,1380,600,510,360,2022,4,29,10,37,18,"Fri","Apr","Fri",144.87283125,56.4443831,0.3048892,"2022-04-29"
"373468",373468,373468,529733,"20220429_102425_L15670","2022-04-29 10:37:26",-6.34939480467226,53.3422420634441,101460,4260,1740,420,420,480,"[-6.34939480467226,53.3422420634441]","[-6.34844044723502,53.3422558537352],[-6.34854796203081,53.3421914540202],[-6.34865772736363,53.342140219129],[-6.34877582359627,53.3421136536055],[-6.34890477631069,53.3421201413983],[-6.34906524296666,53.3421594519953],[-6.349232982954,53.3422061569875],[-6.34939480467226,53.3422420634441]",48.74,21.764,22.832,28.283,0.3025,429.644,17.5712567995621,96390,4140,1350,720,450,300,2022,4,29,10,37,26,"Fri","Apr","Fri",134.8389,45.5658224,0.3467255,"2022-04-29"
"373469",373469,373469,529734,"20220429_102425_L15670","2022-04-29 10:37:34",-6.35041470317871,53.3422222444026,98400,3840,1260,840,300,420,"[-6.35041470317871,53.3422222444026]","[-6.34957227650725,53.3422510805032],[-6.34976786825229,53.3422437337102],[-6.34995166553081,53.3422369884488],[-6.35009248279394,53.3422336034048],[-6.35019799285926,53.3422310382081],[-6.3502853328051,53.3422278976785],[-6.35035817008467,53.3422247866055],[-6.35041470317871,53.3422222444026]",62.603,19.9145,22.721,25.168,0.303,428.023,18.2217308150119,95040,3660,1260,600,450,390,2022,4,29,10,37,34,"Fri","Apr","Fri",157.81471875,45.3442997,0.3472986,"2022-04-29"
"373470",373470,373470,529735,"20220429_102425_L15670","2022-04-29 10:37:42",-6.35052192205793,53.3422177087365,97200,3840,1140,840,360,360,"[-6.35052192205793,53.3422177087365]","[-6.35045471196444,53.3422203303921],[-6.35048119462242,53.34221904018],[-6.3504961469936,53.342218319006],[-6.35050495992575,53.3422179402897],[-6.35051440874156,53.3422177888775],[-6.35052049657387,53.3422177238836],[-6.35052185611995,53.3422177124846],[-6.35052192205793,53.3422177087365]",60.356,21.422,21.942,22.999,0.322,432.413,16.8035390778735,96690,4110,1290,780,360,360,2022,4,29,10,37,42,"Fri","Apr","Fri",156.400425,43.7896494,0.3690764,"2022-04-29"
"373471",373471,373471,529736,"20220429_102425_L15670","2022-04-29 10:37:50",-6.35059483128762,53.3422735777037,96840,3600,960,540,780,240,"[-6.35059483128762,53.3422735777037]","[-6.35052191029486,53.3422177087525],[-6.35052191029486,53.3422177087525],[-6.35052191029486,53.3422177087525],[-6.35052191029486,53.3422177087525],[-6.35052194947088,53.3422177135445],[-6.35052667894593,53.3422181550621],[-6.35056216535622,53.3422322672474],[-6.35059483128762,53.3422735777037]",24.687,17.388,23.055,22.7765,0.4265,433.424,16.596589184672,97080,3480,1410,540,420,270,2022,4,29,10,37,50,"Fri","Apr","Fri",80.4684375,46.0108635,0.4888543,"2022-04-29"
"373472",373472,373472,529737,"20220429_102425_L15670","2022-04-29 10:37:58",-6.35070089733764,53.34263770917,89040,4020,1560,540,240,360,"[-6.35070089733764,53.34263770917]","[-6.35061517627635,53.3423467511426],[-6.35063359944366,53.342433035456],[-6.35064912663888,53.3425054045559],[-6.35066008964506,53.342557291006],[-6.35066665300579,53.3425896686878],[-6.35067007666427,53.3426062241636],[-6.35067563390534,53.3426198076361],[-6.35070089733764,53.34263770917]",4.8,13.602,25.057,23.1105,0.445,426.908,17.4557029733236,94590,3810,1200,540,540,330,2022,4,29,10,37,58,"Fri","Apr","Fri",35.193825,50.0062549,0.510059,"2022-04-29"
"373473",373473,373473,529738,"20220429_102425_L15670","2022-04-29 10:38:06",-6.35090272681909,53.3426348288053,92820,3720,1380,660,540,240,"[-6.35090272681909,53.3426348288053]","[-6.35073119616125,53.3426450910076],[-6.35076022349891,53.3426477398586],[-6.35079454121494,53.34264934133],[-6.35082195302216,53.3426497639854],[-6.35084280912205,53.3426488736208],[-6.35085780694583,53.3426464511469],[-6.35087416996557,53.342642419812],[-6.35090272681909,53.3426348288053]",4.8,10.618,29.5065,24.612,0.368,425.344,16.8732472925367,92520,3600,1230,720,480,270,2022,4,29,10,38,6,"Fri","Apr","Fri",29.486925,58.88612205,0.4218016,"2022-04-29"
"373474",373474,373474,529739,"20220429_102425_L15670","2022-04-29 10:38:14",-6.35174848892456,53.3426061041504,93720,3420,1320,720,780,180,"[-6.35174848892456,53.3426061041504]","[-6.35097468362632,53.3426260800928],[-6.35108780996246,53.3426282890751],[-6.3512020027102,53.3426301340887],[-6.35130278343413,53.3426291960657],[-6.35139971199562,53.3426265667323],[-6.35151559306996,53.3426208988187],[-6.3516387350437,53.3426120394446],[-6.35174848892456,53.3426061041504]",4.8,2.6,33.177,26.392,0.3145,422.657,15.8452006755141,93600,3300,1260,570,570,210,2022,4,29,10,38,14,"Fri","Apr","Fri",14.1525,66.2113389,0.3604799,"2022-04-29"
"373475",373475,373475,529740,"20220429_102425_L15670","2022-04-29 10:38:22",-6.35250833331453,53.3426031169841,138180,9300,1980,900,300,420,"[-6.35250833331453,53.3426031169841]","[-6.35184242935248,53.3426033410741],[-6.35192400673349,53.3426020570137],[-6.35200430178154,53.3425995527474],[-6.35211044252062,53.3425956988107],[-6.35222013687469,53.3425917865122],[-6.35230989529267,53.3425872705251],[-6.3523902701751,53.3425887941415],[-6.35250833331453,53.3426031169841]",4.8,3.931,33.066,32.621,0.2935,424.271,17.4509539570671,98280,3510,1380,750,450,360,2022,4,29,10,38,22,"Fri","Apr","Fri",16.6980375,65.9898162,0.3364097,"2022-04-29"
"373476",373476,373476,529742,"20220429_102425_L15670","2022-04-29 10:38:38",-6.35396013958493,53.3428114185476,100200,3780,1200,600,360,240,"[-6.35396013958493,53.3428114185476]","[-6.3537016306462,53.3427600753349],[-6.35375295829105,53.3427707546012],[-6.35379765112544,53.3427807041316],[-6.35385387740316,53.3427910994478],[-6.3539098969512,53.3428006297387],[-6.35394334220321,53.342807260103],[-6.35395560925682,53.3428103702008],[-6.35396013958493,53.3428114185476]",4.8,2.6,35.624,34.4565,0.2495,423.727,17.4286137226567,97890,3510,1230,810,390,360,2022,4,29,10,38,38,"Fri","Apr","Fri",14.1525,71.0948168,0.2859769,"2022-04-29"
